Название;Цена;Ссылка
Валенки детские светлые;1300 рублей;https://imperiya-untov.ru/product/valenki-detskie-svetlye
Валенки детские серые;1300 рублей;https://imperiya-untov.ru/product/valenki-detskie-serye
Дедуши;1900 рублей;https://imperiya-untov.ru/product/dedushi
Монголки детские черные с двумя ремешками, войлок МД-8;2000 рублей;https://imperiya-untov.ru/product/mongolki-detskie-chernye-s-dvumya-remeshkami-vojlok-md-8
Монголки детские черные с двумя ремешками,литая МД-4;2000 рублей;https://imperiya-untov.ru/product/mongolki-detskie-chernye-s-dvumya-remeshkami-litaya-md-4
Монголки детские черные с одним ремешком,войлок МД-7;2000 рублей;https://imperiya-untov.ru/product/mongolki-detskie-chernye-s-odnim-remeshkom-vojlok-md-7
Монголки детские черные с одним ремешком,литая МД-3;2000 рублей;https://imperiya-untov.ru/product/mongolki-detskie-chernye-s-odnim-remeshkom-litaya-md-3
Монголки детские шоколадные с двумя ремешками,войлок МД-5;2000 рублей;https://imperiya-untov.ru/product/mongolki-detskie-shokoladnye-s-dvumya-remeshkami-vojlok-md-5
Монголки детские шоколадные с двумя ремешками,литая МД-2;2000 рублей;https://imperiya-untov.ru/product/mongolki-detskie-shokoladnye-s-dvumya-remeshkami-litaya-md-2
Монголки детские шоколадные с одним ремешком,войлок МД-6;2000 рублей;https://imperiya-untov.ru/product/mongolki-detskie-shokoladnye-s-odnim-remeshkom-vojlok-md-6
Монголки детские шоколадные с одним ремешком,литая МД-1;2000 рублей;https://imperiya-untov.ru/product/mongolki-detskie-shokoladnye-s-odnim-remeshkom-litaya-md-1
Монголки женские коричневые, войлок МЖ-1;2900 рублей;https://imperiya-untov.ru/product/mongolki-zhenskie-korichnevye-vojlok-mzh-1
Монголки женские коричневые, литая МЖ-2;2900 рублей;https://imperiya-untov.ru/product/mongolki-zhenskie-korichnevye-litaya-mzh-2
Монголки женские черные, войлок МЖ-3;2900 рублей;https://imperiya-untov.ru/product/mongolki-zhenskie-chernye-vojlok-mzh-3
Монголки женские черные, литая МЖ-4;2900 рублей;https://imperiya-untov.ru/product/mongolki-zhenskie-chernye-litaya-mzh-4
Монголки мужские коричневые короткие, литая ММ-2;2900 рублей;https://imperiya-untov.ru/product/mongolki-muzhskie-korichnevye-korotkie-litaya-mm-2
Монголки мужские коричневые, войлок ММ-4;2900 рублей;https://imperiya-untov.ru/product/mongolki-muzhskie-korichnevye-vojlok-mm-4
Монголки мужские коричневые,литая ММ-5;2900 рублей;https://imperiya-untov.ru/product/mongolki-muzhskie-korichnevye-litaya-mm-5
Монголки мужские черные короткие, войлок ММ-3;2900 рублей;https://imperiya-untov.ru/product/mongolki-muzhskie-chernye-korotkie-vojlok-mm-3
Монголки мужские черные короткие, литая ММ-1;2900 рублей;https://imperiya-untov.ru/product/mongolki-muzhskie-chernye-korotkie-litaya-mm-1
Монголки мужские черные,литая ММ-6;2900 рублей;https://imperiya-untov.ru/product/mongolki-muzhskie-chernye-litaya-mm-6
Монголки подростковые темно-серые, нубук, литая МП-2;2150 рублей;https://imperiya-untov.ru/product/mongolki-podrostkovye-temno-serye-nubuk-litaya-mp-2
Монголки подростковые черные юфть, войлок МП-5;2150 рублей;https://imperiya-untov.ru/product/mongolki-podrostkovye-chernye-yuft-vojlok-mp-5
Монголки подростковые черные, юфть, литая МП-3;2150 рублей;https://imperiya-untov.ru/product/mongolki-podrostkovye-chernye-yuft-litaya-mp-3
Монголки подростковые шоколадные, войлок МП-4;2150 рублей;https://imperiya-untov.ru/product/mongolki-podrostkovye-shokoladnye-vojlok-mp-4
Монголки подростковые шоколадные, литая МП-1;2150 рублей;https://imperiya-untov.ru/product/mongolki-podrostkovye-shokoladnye-litaya-mp-1
Мужские берцы из войлока;2200 рублей;https://imperiya-untov.ru/product/muzhskie-bertsy-iz-vojloka
Мужские сапоги «Лесник»;2200 рублей;https://imperiya-untov.ru/product/muzhskie-sapogi-lesnik
Мужские унты высокие мех заяц литая УМ-11;2300 рублей;https://imperiya-untov.ru/product/muzhskie-unty-vysokie-meh-zayats-litaya-um-11
Мужские унты высокие мех заяц, войлок УМ-09;2300 рублей;https://imperiya-untov.ru/product/muzhskie-unty-vysokie-meh-zayats-vojlok
Мужские унты высокие мех собака литая УМ-07;2300 рублей;https://imperiya-untov.ru/product/muzhskie-unty-vysokie-meh-sobaka-litaya-um-07
Мужские унты высокие мех собака, юфть, войлок УМ-05;2300 рублей;https://imperiya-untov.ru/product/muzhskie-unty-vysokie-meh-sobaka-yuft-vojlok-um-05
Мужские унты высокие на войлочной подошве,белая овчина УН-2 (натуралка);3500 рублей;https://imperiya-untov.ru/product/muzhskie-unty-vysokie-na-vojlochnoj-podoshve-belaya-ovchina-un-2
Мужские унты высокие на войлочной подошве,темная овчина УН-3 (Натуралка);3500 рублей;https://imperiya-untov.ru/product/muzhskie-unty-vysokie-na-vojlochnoj-podoshve-temnaya-ovchina-un-3
Мужские унты высокие на литой подошве белая овчина УН-1 (Натуралка);3500 рублей;https://imperiya-untov.ru/product/muzhskie-unty-vysokie-na-litoj-podoshve-belaya-ovchina-un-1
Мужские унты высокие УМ-01;2150 рублей;https://imperiya-untov.ru/product/muzhskie-unty-vysokie-um-01
Мужские унты высокие УМ-03;2150 рублей;https://imperiya-untov.ru/product/muzhskie-unty-vysokie-um-03
Мужские унты короткие мех заяц войлок УМ-10;2200 рублей;https://imperiya-untov.ru/product/muzhskie-unty-korotkie-meh-zayats-vojlok-um-10
Мужские унты короткие мех заяц литая УМ-12;2200 рублей;https://imperiya-untov.ru/product/muzhskie-unty-korotkie-meh-zayats-litaya
Мужские унты короткие мех собака войлок УМ-06;2200 рублей;https://imperiya-untov.ru/product/muzhskie-unty-korotkie-meh-sobaka-vojlok-um-06
Мужские унты короткие мех собака литая УМ-08;2200 рублей;https://imperiya-untov.ru/product/muzhskie-unty-korotkie-meh-sobaka-litaya-um-08
Мужские унты короткие УМ-02;2100 рублей;https://imperiya-untov.ru/product/muzhskie-unty-korotkie-um-02
Мужские унты короткие УМ-04;2100 рублей;https://imperiya-untov.ru/product/muzhskie-unty-korotkie-um-04
Унты детские  мех норка черная, замша, войлок УД-02;1800 рублей;https://imperiya-untov.ru/product/unty-detskie-meh-norka-chernaya-zamsha-vojlok-ud-02
Унты детские  мех норка шоколадная, замша, войлок УД-03;1800 рублей;https://imperiya-untov.ru/product/unty-detskie-meh-norka-shokoladnaya-zamsha-vojlok-ud-03
Унты детские  мех песец, черная замша, войлок УД-01;1800 рублей;https://imperiya-untov.ru/product/detskie-unty-meh-pesets-chernaya-zamsha-vojlok-ud-01
Унты детские бело-голубые, белая кожа, литая УД-31;1800 рублей;https://imperiya-untov.ru/product/unty-detskie-belo-golubye-belaya-kozha-litaya-ud-31
Унты детские бело-голубые, голубая замша, литая УД-23;1800 рублей;https://imperiya-untov.ru/product/unty-detskie-belo-golubye-golubaya-zamsha-litaya-ud-23
Унты детские комбинированные, рыжая замша, литая УД-22;1800 рублей;https://imperiya-untov.ru/product/unty-detskie-kombinirovannye-ryzhaya-zamsha-litaya-ud-22
Унты детские комбинированный мех под норку,рыжая замша, войлок УД-08;1800 рублей;https://imperiya-untov.ru/product/unty-detskie-kombinirovannyj-meh-pod-norku-ryzhaya-zamsha-vojlok-ud-08
Унты детские мех белка, бежевая кожа, войлок УД-20;1800 рублей;https://imperiya-untov.ru/product/unty-detskie-meh-belka-bezhevaya-kozha-vojlok-ud-20
Унты детские мех белка, бежевая кожа, литая УД-30;1800 рублей;https://imperiya-untov.ru/product/unty-detskie-meh-belka-bezhevaya-kozha-litaya-ud-30
Унты детские мех белка, рыжая замша, литая УД-28;1800 рублей;https://imperiya-untov.ru/product/unty-detskie-meh-belka-ryzhaya-zamsha-litaya-ud-28
Унты детские мех белка,рыжая замша, войлок УД-06;1800 рублей;https://imperiya-untov.ru/product/unty-detskie-meh-belka-ryzhaya-zamsha-vojlok-ud-06
Унты детские мех далматинец, белая кожа, литая УД-40;1800 рублей;https://imperiya-untov.ru/product/unty-detskie-meh-dalmatinets-belaya-kozha-litaya-ud-40
Унты детские мех заяц, бежевая кожа, литая УД-39;1800 рублей;https://imperiya-untov.ru/product/unty-detskie-meh-zayats-bezhevaya-kozha-litaya-ud-39
Унты детские мех заяц, бежевая, войлок УД-45;1800 рублей;https://imperiya-untov.ru/product/unty-detskie-meh-zayats-bezhevaya-vojlok-ud-45
Унты детские мех заяц, юфть, войлок УД-21;1800 рублей;https://imperiya-untov.ru/product/unty-detskie-meh-zayats-yuft-vojlok-ud-21
Унты детские мех кролик, белая кожа, войлок УД-19;1800 рублей;https://imperiya-untov.ru/product/unty-detskie-meh-krolik-belaya-kozha-vojlok-ud-19
Унты детские мех кролик, белая кожа, литая УД-59;1800 рублей;https://imperiya-untov.ru/product/unty-detskie-meh-krolik-belaya-kozha-litaya-ud-59
Унты детские мех кролик, черная замша, литая УД-26;1800 рублей;https://imperiya-untov.ru/product/unty-detskie-meh-krolik-chernaya-zamsha-litaya-ud-26
Унты детские мех кролик, черная замша, литая УД-52;1800 рублей;https://imperiya-untov.ru/product/unty-detskie-meh-krolik-chernaya-zamsha-litaya-ud-52
Унты детские мех кролик,черная замша, войлок УД-05;1800 рублей;https://imperiya-untov.ru/product/unty-detskie-meh-krolik-chernaya-zamsha-vojlok-ud-05
Унты детские мех лиса, шоколадная замша, войлок УД-46;1800 рублей;https://imperiya-untov.ru/product/unty-detskie-meh-lisa-shokoladnaya-zamsha-vojlok-ud-46
Унты детские мех лиса, шоколадная замша, литая УД-29;1800 рублей;https://imperiya-untov.ru/product/unty-detskie-meh-lisa-shokoladnaya-zamsha-litaya-ud-29
Унты детские мех лиса,рыжая замша, войлок УД-07;1800 рублей;https://imperiya-untov.ru/product/unty-detskie-meh-lisa-ryzhaya-zamsha-vojlok-ud-07
Унты детские мех лохматый черный, замша, литая УД-24;1800 рублей;https://imperiya-untov.ru/product/unty-detskie-meh-lohmatyj-chernyj-zamsha-litaya-ud-24
Унты детские мех мутон с ремешком, черная замша, войлок УД-14;1800 рублей;https://imperiya-untov.ru/product/unty-detskie-meh-muton-s-remeshkom-chernaya-zamsha-vojlok-ud-14
Унты детские мех мутон с ремешком, черная замша, литая УД-53;1800 рублей;https://imperiya-untov.ru/product/unty-detskie-meh-muton-s-remeshkom-chernaya-zamsha-litaya-ud-53
Унты детские мех мутон, юфть, войлок УД-16;1800 рублей;https://imperiya-untov.ru/product/unty-detskie-meh-muton-yuft-vojlok-ud-16
Унты детские мех мутон, юфть, литая УД-33;1800 рублей;https://imperiya-untov.ru/product/unty-detskie-meh-muton-yuft-litaya-ud-33
Унты детские мех норка бежевая, войлок УД-44;1800 рублей;https://imperiya-untov.ru/product/unty-detskie-meh-norka-bezhevaya-vojlok-ud-44
Унты детские мех норка бежевая,литая УД-36;1800 рублей;https://imperiya-untov.ru/product/unty-detskie-meh-norka-bezhevaya-litaya-ud-36
Унты детские мех норка белая, войлок УД-18;1800 рублей;https://imperiya-untov.ru/product/unty-detskie-meh-norka-belaya-vojlok-ud-18
Унты детские мех норка белая,литая УД-34;1800 рублей;https://imperiya-untov.ru/product/unty-detskie-meh-norka-belaya-litaya-ud-34
Унты детские мех норка рыжая с ремешком, замша, войлок УД-12;1800 рублей;https://imperiya-untov.ru/product/unty-detskie-meh-norka-ryzhaya-s-remeshkom-zamsha-vojlok-ud-12
Унты детские мех норка рыжая с ремешком, рыжая замша, литая УД-54;1800 рублей;https://imperiya-untov.ru/product/unty-detskie-meh-norka-ryzhaya-s-remeshkom-ryzhaya-zamsha-litaya-ud-54
Унты детские мех норка рыжая, замша, войлок УД-13;1800 рублей;https://imperiya-untov.ru/product/unty-detskie-meh-norka-ryzhaya-zamsha-vojlok-ud-13
Унты детские мех норка рыжая, замша, литая УД-57;1800 рублей;https://imperiya-untov.ru/product/unty-detskie-meh-norka-ryzhaya-zamsha-litaya-ud-57
Унты детские мех норка черная, замша, литая УД-25;1800 рублей;https://imperiya-untov.ru/product/unty-detskie-meh-norka-chernaya-zamsha-litaya-ud-25
Унты детские мех норка черная, черная кожа, литая УД-51;1800 рублей;https://imperiya-untov.ru/product/unty-detskie-meh-norka-chernaya-chernaya-kozha-litaya-ud-51
Унты детские мех норка, бело-голубые, белая кожа, войлок УД-47;1800 рублей;https://imperiya-untov.ru/product/unty-detskie-meh-norka-belo-golubye-belaya-kozha-vojlok-ud-47
Унты детские мех норка, шоколадная замша, литая УД-48;1800 рублей;https://imperiya-untov.ru/product/unty-detskie-meh-norka-shokoladnaya-zamsha-litaya-ud-48
Унты детские мех норка, шоколадная кожа, литая УД-49;1800 рублей;https://imperiya-untov.ru/product/unty-detskie-meh-norka-shokoladnaya-kozha-litaya-ud-49
Унты детские мех песец новый, черная замша, литая УД-50;1800 рублей;https://imperiya-untov.ru/product/unty-detskie-meh-pesets-novyj-chernaya-zamsha-litaya-ud-50
Унты детские мех песец, юфть, войлок УД-43;1800 рублей;https://imperiya-untov.ru/product/unty-detskie-meh-pesets-yuft-vojlok-ud-43
Унты детские мех под зайца, рыжая замша, войлок УД-10;1800 рублей;https://imperiya-untov.ru/product/unty-detskie-meh-pod-zajtsa-ryzhaya-zamsha-vojlok-ud-10
Унты детские мех под зайца, рыжая замша, литая УД-55;1800 рублей;https://imperiya-untov.ru/product/unty-detskie-meh-pod-zajtsa-ryzhaya-zamsha-litaya-ud-55
Унты детские мех под лису, рыжая замша, литая УД-56;1800 рублей;https://imperiya-untov.ru/product/unty-detskie-meh-pod-lisu-ryzhaya-zamsha-litaya-ud-56
Унты детские мех под лису, шоколадная кожа, литая УД-58;1800 рублей;https://imperiya-untov.ru/product/unty-detskie-meh-pod-lisu-shokoladnaya-kozha-litaya-ud-58
Унты детские мех под норку, бело-голубые, голубая замша, войлок УД-11;1800 рублей;https://imperiya-untov.ru/product/unty-detskie-meh-pod-norku-belo-golubye-golubaya-zamsha-vojlok-ud-11
Унты детские мех под норку, черно-белые, черная замша, войлок УД-09;1800 рублей;https://imperiya-untov.ru/product/unty-detskie-meh-pod-norku-cherno-belye-chernaya-zamsha-vojlok-ud-09
Унты детские мех снежный, литая УД-60;1800 рублей;https://imperiya-untov.ru/product/unty-detskie-meh-snezhnyj-litaya-ud-60
Унты детские мех собака, юфть, войлок УД-17;1800 рублей;https://imperiya-untov.ru/product/unty-detskie-meh-sobaka-yuft-vojlok-ud-17
Унты детские мех собака, юфть, литая УД-32;1800 рублей;https://imperiya-untov.ru/product/unty-detskie-meh-sobaka-yuft-litaya-ud-32
Унты детские мех страус, литая УД-37;1800 рублей;https://imperiya-untov.ru/product/unty-detskie-meh-straus-litaya-ud-37
Унты детские мех тигр, бежевая кожа, войлок УД-15;1800 рублей;https://imperiya-untov.ru/product/unty-detskie-meh-tigr-bezhevaya-kozha-vojlok-ud-15
Унты детские мех тигр, бежевая кожа, литая УД-38;1800 рублей;https://imperiya-untov.ru/product/unty-detskie-meh-tigr-bezhevaya-kozha-litaya-ud-38
Унты детские мех тигр, шоколадная замша, войлок УД-04;1800 рублей;https://imperiya-untov.ru/product/unty-detskie-meh-tigr-shokoladnaya-zamsha-vojlok-ud-04
Унты детские мех тигр, шоколадная замша, литая УД-27;1800 рублей;https://imperiya-untov.ru/product/unty-detskie-meh-tigr-shokoladnaya-zamsha-litaya-ud-27
Унты женские короткие мех красный, шоколадная замша,литая УЖ-75;2000 рублей;https://imperiya-untov.ru/product/unty-zhenskie-korotkie-meh-krasnyj-shokoladnaya-zamsha-litaya-uzh-75
Унты женские короткие мех лохматый, черная замша,литая УЖ-74;2000 рублей;https://imperiya-untov.ru/product/unty-zhenskie-korotkie-meh-lohmatyj-chernaya-zamsha-litaya-uzh-74
Унты женские короткие мех норка, черная замша,литая УЖ-76;2000 рублей;https://imperiya-untov.ru/product/unty-zhenskie-korotkie-meh-norka-chernaya-zamsha-litaya-uzh-76
Унты женские короткие мех песец новый, черная замша,литая УЖ-73;2000 рублей;https://imperiya-untov.ru/product/unty-zhenskie-korotkie-meh-pesets-novyj-chernaya-zamsha-litaya-uzh-73
Унты женские короткие мех собака, бежевая кожа,литая УЖ-70;2000 рублей;https://imperiya-untov.ru/product/unty-zhenskie-korotkie-meh-sobaka-bezhevaya-kozha-litaya-uzh-70
Унты женские короткие мех собака, черная замша,литая УЖ-71;2000 рублей;https://imperiya-untov.ru/product/unty-zhenskie-korotkie-meh-sobaka-chernaya-zamsha-litaya-uzh-71
Унты женские мех белка, бежевая кожа, литая УЖ-52;2350 рублей;https://imperiya-untov.ru/product/unty-zhenskie-meh-belka-bezhevaya-kozha-litaya-uzh-52
Унты женские мех белка, рыжая замша, войлок УЖ-29;2200 рублей;https://imperiya-untov.ru/product/unty-zhenskie-meh-belka-ryzhaya-zamsha-vojlok-uzh-29
Унты женские мех белка, рыжая замша, литая УЖ-46;2300 рублей;https://imperiya-untov.ru/product/unty-zhenskie-meh-belka-ryzhaya-zamsha-litaya-uzh-46
Унты женские мех далматинец, белая кожа, литая УЖ-58;2300 рублей;https://imperiya-untov.ru/product/unty-zhenskie-meh-dalmatinets-belaya-kozha-litaya-uzh-58
Унты женские мех заяц рыжая, замша, литая УЖ-47;2300 рублей;https://imperiya-untov.ru/product/unty-zhenskie-meh-zayats-ryzhaya-zamsha-litaya-uzh-47
Унты женские мех заяц, бежевая кожа, войлок УЖ-23;2250 рублей;https://imperiya-untov.ru/product/unty-zhenskie-meh-zayats-bezhevaya-kozha-vojlok-uzh-23
Унты женские мех заяц, бежевая кожа, литая УЖ-50;2350 рублей;https://imperiya-untov.ru/product/unty-zhenskie-meh-zayats-bezhevaya-kozha-litaya-uzh-50
Унты женские мех заяц, черная кожа, литая УЖ-62;2300 рублей;https://imperiya-untov.ru/product/unty-zhenskie-meh-zayats-chernaya-kozha-litaya-uzh-62
Унты женские мех заяц,рыжая замша, войлок УЖ-22;2200 рублей;https://imperiya-untov.ru/product/unty-zhenskie-mehzayats-ryzhaya-zamsha-vojlok-uzh-22
Унты женские мех комбинированная норка,рыжая замша, войлок УЖ-16;2150 рублей;https://imperiya-untov.ru/product/unty-zhenskie-meh-kombinirovannaya-norka-ryzhaya-zamsha-vojlok-uzh-16
Унты женские мех комбинированный, рыжая замша, литая УЖ-48;2250 рублей;https://imperiya-untov.ru/product/unty-zhenskie-meh-kombinirovannyj-ryzhaya-zamsha-litaya-uzh-48
Унты женские мех красный, шоколадная замша, литая УЖ-65;2300 рублей;https://imperiya-untov.ru/product/unty-zhenskie-meh-krasnyj-shokoladnaya-zamsha-litaya-uzh-65
Унты женские мех кролик, белая кожа, войлок УЖ-12;2200 рублей;https://imperiya-untov.ru/product/unty-zhenskie-meh-krolik-belaya-kozha-vojlok-uzh-12
Унты женские мех кролик, белая кожа, литая УЖ-57;2300 рублей;https://imperiya-untov.ru/product/unty-zhenskie-meh-krolik-belaya-kozha-litaya-uzh-57
Унты женские мех кролик, черная замша, войлок УЖ-11;2150 рублей;https://imperiya-untov.ru/product/unty-zhenskie-meh-krolik-chernaya-zamsha-vojlok-uzh-11
Унты женские мех кролик, черная замша, литая УЖ-55;2250 рублей;https://imperiya-untov.ru/product/unty-zhenskie-meh-krolik-chernaya-zamsha-litaya-uzh-55
Унты женские мех кролик, черная кожа, литая УЖ-56;2300 рублей;https://imperiya-untov.ru/product/unty-zhenskie-meh-krolik-chernaya-kozha-litaya-uzh-56
Унты женские мех леопард, бежевая кожа, литая УЖ-53;2350 рублей;https://imperiya-untov.ru/product/unty-zhenskie-meh-leopard-bezhevaya-kozha-litaya-uzh-53
Унты женские мех лиса, рыжая замша, литая УЖ-45;2300 рублей;https://imperiya-untov.ru/product/unty-zhenskie-meh-lisa-ryzhaya-zamsha-litaya-uzh-45
Унты женские мех лиса,рыжая замша, войлок УЖ-21;2200 рублей;https://imperiya-untov.ru/product/unty-zhenskie-meh-lisa-ryzhaya-zamsha-vojlok-uzh-21
Унты женские мех лиса,шоколадная замша, войлок УЖ-20;2200 рублей;https://imperiya-untov.ru/product/unty-zhenskie-meh-lisa-shokoladnaya-zamsha-vojlok-uzh-20
Унты женские мех лиса,шоколадная замша, литая УЖ-32;2300 рублей;https://imperiya-untov.ru/product/unty-zhenskie-meh-lisa-shokoladnaya-zamsha-litaya-uzh-32
Унты женские мех лиса,шоколадная кожа, литая УЖ-33;2350 рублей;https://imperiya-untov.ru/product/unty-zhenskie-meh-lisa-shokoladnaya-kozha-litaya-uzh-33
Унты женские мех лохматый, черная замша, войлок УЖ-07;2200 рублей;https://imperiya-untov.ru/product/unty-zhenskie-meh-lohmatyj-chernaya-zamsha-vojlok-uzh-07
Унты женские мех лохматый, черная замша, литая УЖ-42;2250 рублей;https://imperiya-untov.ru/product/unty-zhenskie-meh-lohmatyj-chernaya-zamsha-litaya-uzh-42
Унты женские мех лохматый, черная кожа, войлок УЖ-08;2200 рублей;https://imperiya-untov.ru/product/unty-zhenskie-meh-lohmatyj-chernaya-kozha-vojlok-uzh-08
Унты женские мех лохматый, черная кожа, литая УЖ-43;2300 рублей;https://imperiya-untov.ru/product/unty-zhenskie-meh-lohmatyj-chernaya-kozha-litaya-uzh-43
Унты женские мех норка бежевая, войлок УЖ-27;2200 рублей;https://imperiya-untov.ru/product/unty-zhenskie-meh-norka-bezhevaya-vojlok-uzh-27
Унты женские мех норка бежевая, литая УЖ-54;2300 рублей;https://imperiya-untov.ru/product/unty-zhenskie-meh-norka-bezhevaya-litaya-uzh-54
Унты женские мех норка белая , войлок УЖ-13;2200 рублей;https://imperiya-untov.ru/product/unty-zhenskie-meh-norka-belaya-vojlok-uzh-13
Унты женские мех норка голубая, литая УЖ-68;2250 рублей;https://imperiya-untov.ru/product/unty-zhenskie-meh-norka-golubaya-litaya-uzh-68-2
Унты женские мех норка голубая,войлок УЖ-26;2150 рублей;https://imperiya-untov.ru/product/unty-zhenskie-meh-norka-golubaya-vojlok-uzh-26
Унты женские мех норка рыжая, замша, войлок УЖ-17;2150 рублей;https://imperiya-untov.ru/product/unty-zhenskie-meh-norka-ryzhaya-zamsha-vojlok-uzh-17
Унты женские мех норка рыжая, замша, литая УЖ-44;2300 рублей;https://imperiya-untov.ru/product/unty-zhenskie-meh-norka-ryzhaya-zamsha-litaya-uzh-44
Унты женские мех норка черная, кожа, войлок УЖ-02;2200 рублей;https://imperiya-untov.ru/product/unty-zhenskie-meh-norka-chernaya-kozha-vojlok-uzh-02
Унты женские мех норка черная, косичка, замша, войлок УЖ-06;2150 рублей;https://imperiya-untov.ru/product/unty-zhenskie-meh-norka-chernaya-kosichka-zamsha-vojlok-uzh-06
Унты женские мех норка черно-белая,черная замша, войлок УЖ-18;2150 рублей;https://imperiya-untov.ru/product/unty-zhenskie-meh-norka-cherno-belaya-chernaya-zamsha-vojlok-uzh-18
Унты женские мех норка шоколадная, замша, войлок УЖ-03;2150 рублей;https://imperiya-untov.ru/product/unty-zhenskie-meh-norka-shokoladnaya-zamsha-vojlok-uzh-03
Унты женские мех норка шоколадная, кожа, войлок УЖ-04;2200 рублей;https://imperiya-untov.ru/product/unty-zhenskie-meh-norka-shokoladnaya-kozha-vojlok-uzh-04
Унты женские мех норка шоколадная, косичка, замша, войлок УЖ-05;2150 рублей;https://imperiya-untov.ru/product/unty-zhenskie-meh-norka-shokoladnaya-kosichka-zamsha-vojlok-uzh-05
Унты женские мех норка, белая кожа, литая УЖ-59;2300 рублей;https://imperiya-untov.ru/product/unty-zhenskie-meh-norka-belaya-kozha-litaya-uzh-59
Унты женские мех норка, черная замша, литая УЖ-40;2300 рублей;https://imperiya-untov.ru/product/unty-zhenskie-meh-norka-chernaya-zamsha-litaya-uzh-40
Унты женские мех норка, черная кожа, литая УЖ-41;2300 рублей;https://imperiya-untov.ru/product/unty-zhenskie-meh-norka-chernaya-kozha-litaya-uzh-41
Унты женские мех норка, шоколадная замша, литая УЖ-34;2250 рублей;https://imperiya-untov.ru/product/unty-zhenskie-meh-norka-shokoladnaya-zamsha-litaya-uzh-34
Унты женские мех норка, шоколадная кожа, литая УЖ-35;2300 рублей;https://imperiya-untov.ru/product/unty-zhenskie-meh-norka-shokoladnaya-kozha-litaya-uzh-35
Унты женские мех песец новый, черная замша, войлок УЖ-10;2200 рублей;https://imperiya-untov.ru/product/unty-zhenskie-meh-pesets-novyj-chernaya-zamsha-vojlok-uzh-10
Унты женские мех песец новый, черная замша, литая УЖ-36;2300 рублей;https://imperiya-untov.ru/product/unty-zhenskie-meh-pesets-novyj-chernaya-zamsha-litaya-uzh-36
Унты женские мех песец новый, черная кожа, литая УЖ-37;2300 рублей;https://imperiya-untov.ru/product/unty-zhenskie-meh-pesets-novyj-chernaya-kozha-litaya-uzh-37
Унты женские мех песец старый, черная замша, литая УЖ-38;2300 рублей;https://imperiya-untov.ru/product/unty-zhenskie-meh-pesets-staryj-chernaya-zamsha-litaya-uzh-38
Унты женские мех песец старый, черная кожа, литая УЖ-39;2350 рублей;https://imperiya-untov.ru/product/unty-zhenskie-meh-pesets-staryj-chernaya-kozha-litaya-uzh-39
Унты женские мех пятнистый, шоколадная замша, литая УЖ-64;2250 рублей;https://imperiya-untov.ru/product/unty-zhenskie-meh-pyatnistyj-shokoladnaya-zamsha-litaya-uzh-64
Унты женские мех снежный, войлок УЖ-15;2200 рублей;https://imperiya-untov.ru/product/unty-zhenskie-meh-snezhnyj-vojlok-uzh-15
Унты женские мех снежный, голубая замша,литая УЖ-69;2300 рублей;https://imperiya-untov.ru/product/unty-zhenskie-meh-snezhnyj-golubaya-zamsha-litaya-uzh-69
Унты женские мех снежный, литая УЖ-60;2300 рублей;https://imperiya-untov.ru/product/unty-zhenskie-meh-snezhnyj-litaya-uzh-60
Унты женские мех собака, черная замша, литая УЖ-63;2300 рублей;https://imperiya-untov.ru/product/unty-zhenskie-meh-sobaka-chernaya-zamsha-litaya-uzh-63
Унты женские мех страус , войлок УЖ-24;2250 рублей;https://imperiya-untov.ru/product/unty-zhenskie-meh-straus-vojlok-uzh-24
Унты женские мех страус, литая УЖ-49;2350 рублей;https://imperiya-untov.ru/product/unty-zhenskie-meh-straus-litaya-uzh-49
Унты женские мех тигр, бежевая кожа, литая УЖ-51;2350 рублей;https://imperiya-untov.ru/product/unty-zhenskie-meh-tigr-bezhevaya-kozha-litaya-uzh-51
Унты женские мех тигр, шоколадная замша, литая УЖ-66;2300 рублей;https://imperiya-untov.ru/product/unty-zhenskie-meh-tigr-shokoladnaya-zamsha-litaya-uzh-66
Унты женские мех тигр, шоколадная кожа, литая УЖ-67;2350 рублей;https://imperiya-untov.ru/product/unty-zhenskie-meh-tigr-shokoladnaya-kozha-litaya-uzh-67
Унты женские мех тигр,шоколадная замша, войлок УЖ-28;2200 рублей;https://imperiya-untov.ru/product/unty-zhenskie-meh-tigr-shokoladnaya-zamsha-vojlok-uzh-28
Унты женские на литой подошве, темная овчина, косичка, черная замша УН-5 (Натуралка);3500 рублей;https://imperiya-untov.ru/product/unty-zhenskie-na-litoj-podoshve-temnaya-ovchina-kosichka-chernaya-zamsha-un-5-naturalka
Унты женские, мех норка черная, замша, войлок УЖ-01;2150 рублей;https://imperiya-untov.ru/product/unty-zhenskie-meh-norka-chernaya-zamsha-vojlok
Унты подростковые мех белка, бежеая кожа, литая УП-18;2000 рублей;https://imperiya-untov.ru/product/unty-podrostkovye-meh-belka-bezheaya-kozha-litaya-up-18
Унты подростковые мех белка, рыжая замша, войлок УП-52;2000 рублей;https://imperiya-untov.ru/product/unty-podrostkovye-meh-belka-ryzhaya-zamsha-vojlok-up-52
Унты подростковые мех белка, рыжая замша, литая УП-17;2000 рублей;https://imperiya-untov.ru/product/unty-podrostkovye-meh-belka-ryzhaya-zamsha-litaya-up-17
Унты подростковые мех белкаа, бежевая кожа, войлок УП-51;2000 рублей;https://imperiya-untov.ru/product/unty-podrostkovye-meh-belkaa-bezhevaya-kozha-vojlok-up-51
Унты подростковые мех заяц, рыжая замша, войлок УП-54;2000 рублей;https://imperiya-untov.ru/product/unty-podrostkovye-meh-zayats-ryzhaya-zamsha-vojlok-up-54
Унты подростковые мех заяц, рыжая замша, литая УП-19;2000 рублей;https://imperiya-untov.ru/product/unty-podrostkovye-meh-zayats-ryzhaya-zamsha-litaya-up-19
Унты подростковые мех заяц, юфть, войлок УП-59;2050 рублей;https://imperiya-untov.ru/product/unty-podrostkovye-meh-zayats-yuft-vojlok-up-59
Унты подростковые мех заяц, юфть, литая УП-31;2050 рублей;https://imperiya-untov.ru/product/unty-podrostkovye-meh-zayats-yuft-litaya-up-31
Унты подростковые мех кролик, белая кожа, войлок УП-38;2000 рублей;https://imperiya-untov.ru/product/unty-podrostkovye-meh-krolik-belaya-kozha-vojlok-up-38
Унты подростковые мех кролик, черная замша, войлок УП-36;2000 рублей;https://imperiya-untov.ru/product/unty-podrostkovye-meh-krolik-chernaya-zamsha-vojlok-up-36
Унты подростковые мех кролик, черная кожа, войлок УП-37;2000 рублей;https://imperiya-untov.ru/product/unty-podrostkovye-meh-krolik-chernaya-kozha-vojlok-up-37
Унты подростковые мех кролик,белая кожа,литая УП-05;2000 рублей;https://imperiya-untov.ru/product/unty-podrostkovye-meh-krolik-belaya-kozha-litaya-up-05
Унты подростковые мех кролик,черная замша,литая УП-03;2000 рублей;https://imperiya-untov.ru/product/unty-podrostkovye-meh-krolik-chernaya-zamsha-litaya-up-03
Унты подростковые мех кролик,черная кожа,литая УП-04;2000 рублей;https://imperiya-untov.ru/product/unty-podrostkovye-meh-krolik-chernaya-kozha-litaya-up-04
Унты подростковые мех лиса, рыжая замша, войлок УП-48;2000 рублей;https://imperiya-untov.ru/product/unty-podrostkovye-meh-lisa-ryzhaya-zamsha-vojlok-up-48
Унты подростковые мех лиса, рыжая замша, литая УП-16;2000 рублей;https://imperiya-untov.ru/product/unty-podrostkovye-meh-lisa-ryzhaya-zamsha-litaya-up-16
Унты подростковые мех лиса, шоколадная замша, войлок УП-46;2000 рублей;https://imperiya-untov.ru/product/unty-podrostkovye-meh-lisa-shokoladnaya-zamsha-vojlok-up-46
Унты подростковые мех лиса, шоколадная замша, литая УП-14;2000 рублей;https://imperiya-untov.ru/product/unty-podrostkovye-meh-lisa-shokoladnaya-zamsha-litaya-up-14
Унты подростковые мех лиса, шоколадная кожа, войлок УП-47;2000 рублей;https://imperiya-untov.ru/product/unty-podrostkovye-meh-lisa-shokoladnaya-kozha-vojlok-up-47
Унты подростковые мех лиса, шоколадная кожа, литая УП-15;2000 рублей;https://imperiya-untov.ru/product/unty-podrostkovye-meh-lisa-shokoladnaya-kozha-litaya-up-15
Унты подростковые мех лохматый, черная замша, войлок УП-45;2000 рублей;https://imperiya-untov.ru/product/unty-podrostkovye-meh-lohmatyj-chernaya-zamsha-vojlok-up-45
Унты подростковые мех лохматый, черная кожа, войлок УП-44;2000 рублей;https://imperiya-untov.ru/product/unty-podrostkovye-meh-lohmatyj-chernaya-kozha-vojlok-up-44
Унты подростковые мех мутон с ремешком, юфть, черная замша, войлок УП-57;2050 рублей;https://imperiya-untov.ru/product/unty-podrostkovye-meh-muton-s-remeshkom-yuft-chernaya-zamsha-vojlok-up-57
Унты подростковые мех мутон, юфть, войлок УП-56;2050 рублей;https://imperiya-untov.ru/product/unty-podrostkovye-meh-muton-yuft-vojlok-up-56
Унты подростковые мех мутон, юфть, литая УП-30;2050 рублей;https://imperiya-untov.ru/product/unty-podrostkovye-meh-muton-yuft-litaya-up-30
Унты подростковые мех норка бежевая, войлок УП-55;2000 рублей;https://imperiya-untov.ru/product/unty-podrostkovye-meh-norka-bezhevaya-vojlok-up-55
Унты подростковые мех норка белая, белая кожа, войлок УП-39;2000 рублей;https://imperiya-untov.ru/product/unty-podrostkovye-meh-norka-belaya-belaya-kozha-vojlok-up-39
Унты подростковые мех норка белая, белая кожа, литая УП-25;2000 рублей;https://imperiya-untov.ru/product/unty-podrostkovye-meh-norka-belaya-belaya-kozha-litaya-up-25
Унты подростковые мех норка бело-голубая, белая кожа, литая УП-23;2000 рублей;https://imperiya-untov.ru/product/unty-podrostkovye-meh-norka-belo-golubaya-belaya-kozha-litaya-up-23
Унты подростковые мех норка бело-голубая, голубая замша, литая УП-24;2000 рублей;https://imperiya-untov.ru/product/unty-podrostkovye-meh-norka-belo-golubaya-golubaya-zamsha-litaya-up-24
Унты подростковые мех норка комбинированная, рыжая замша, войлок УП-53;2000 рублей;https://imperiya-untov.ru/product/unty-podrostkovye-meh-norka-kombinirovannaya-ryzhaya-zamsha-vojlok-up-53
Унты подростковые мех норка комбинированная, рыжая замша, литая УП-27;2000 рублей;https://imperiya-untov.ru/product/unty-podrostkovye-meh-norka-kombinirovannaya-ryzhaya-zamsha-litaya-up-27
Унты подростковые мех норка рыжая , рыжая замша, литая УП-28;2000 рублей;https://imperiya-untov.ru/product/unty-podrostkovye-meh-norka-ryzhaya-ryzhaya-zamsha-litaya-up-28
Унты подростковые мех норка рыжая, рыжая замша, войлок УП-50;2000 рублей;https://imperiya-untov.ru/product/unty-podrostkovye-meh-norka-ryzhaya-ryzhaya-zamsha-vojlok-up-50
Унты подростковые мех норка черно-белая , черная замша, литая УП-29;2000 рублей;https://imperiya-untov.ru/product/unty-podrostkovye-meh-norka-cherno-belaya-chernaya-zamsha-litaya-up-29
Унты подростковые мех норка, черная замша, войлок УП-34;2000 рублей;https://imperiya-untov.ru/product/unty-podrostkovye-meh-norka-chernaya-zamsha-vojlok-up-34
Унты подростковые мех норка, черная замша, литая УП-10;2000 рублей;https://imperiya-untov.ru/product/unty-podrostkovye-meh-norka-chernaya-zamsha-litaya-up-10
Унты подростковые мех норка, черная кожа, литая УП-11;2000 рублей;https://imperiya-untov.ru/product/unty-podrostkovye-meh-norka-chernaya-kozha-litaya-up-11
Унты подростковые мех норка, шоколадная замша, войлок УП-35;2000 рублей;https://imperiya-untov.ru/product/unty-podrostkovye-meh-norka-shokoladnaya-zamsha-vojlok-up-35
Унты подростковые мех норка, шоколадная замша, литая УП-12;2000 рублей;https://imperiya-untov.ru/product/unty-podrostkovye-meh-norka-shokoladnaya-zamsha-litaya-up-12
Унты подростковые мех норка, шоколадная кожа, литая УП-13;2000 рублей;https://imperiya-untov.ru/product/unty-podrostkovye-meh-norka-shokoladnaya-kozha-litaya-up-13
Унты подростковые мех песец новый , черная замша, литая УП-07;2000 рублей;https://imperiya-untov.ru/product/unty-podrostkovye-meh-pesets-novyj-chernaya-zamsha-litaya-up-07
Унты подростковые мех песец новый, черная кожа, литая УП-06;2000 рублей;https://imperiya-untov.ru/product/unty-podrostkovye-meh-novyj-pesets-chernaya-kozha-litaya-up-06
Унты подростковые мех песец, черная замша, войлок УП-43;2000 рублей;https://imperiya-untov.ru/product/unty-podrostkovye-meh-pesets-chernaya-zamsha-vojlok-up-43
Унты подростковые мех песец, юфть, войлок УП-58;2050 рублей;https://imperiya-untov.ru/product/unty-podrostkovye-meh-pesets-yuft-vojlok-up-58
Унты подростковые мех песец, юфть, литая УП-32;2050 рублей;https://imperiya-untov.ru/product/unty-podrostkovye-meh-pesets-yuft-litaya-up-32
Унты подростковые мех снежный, белая кожа, войлок УП-40;2000 рублей;https://imperiya-untov.ru/product/unty-podrostkovye-meh-snezhnyj-belaya-kozha-vojlok-up-40
Унты подростковые мех собака, юфть, войлок УП-60;2050 рублей;https://imperiya-untov.ru/product/unty-podrostkovye-meh-sobaka-yuft-vojlok-up-60
Унты подростковые мех собака, юфть, литая УП-33;2050 рублей;https://imperiya-untov.ru/product/unty-podrostkovye-meh-sobaka-yuft-litaya-up-33
Унты подростковые мех страус, бежевая кожа, литая УП-20;2000 рублей;https://imperiya-untov.ru/product/unty-podrostkovye-meh-straus-bezhevaya-kozha-litaya-up-20
Унты подростковые мех тигр, бежевая кожа, литая УП-22;2000 рублей;https://imperiya-untov.ru/product/unty-podrostkovye-meh-tigr-bezhevaya-kozha-litaya-up-22
Унты подростковые мех тигр, шоколадная замша, литая УП-21;2000 рублей;https://imperiya-untov.ru/product/unty-podrostkovye-meh-tigr-shokoladnaya-zamsha-litaya-up-21
