Name;Date;Place;Age;Contacts
Latitude Festival;Thursday 22nd - Sunday 25th July 2021;Henham Park in Beccles;No age restrictions;"Name: Henham Park; Address: Beccles, Suffolk, Beccles, NR34 8AN; Phone: 07900 553 426; Venue short url: https://www.skiddle.com/venues/8718/; Type of venue: Outdoors; "
Bluedot Festival;Thursday 22nd - Sunday 25th July 2021;Jodrell Bank Observatory in Macclesfield;No age restrictions;"Name: Jodrell Bank Observatory; Phone: 01477 571339; Venue short url: https://www.skiddle.com/venues/6169/; Type of venue: Outdoors; Dress code: Anything; Food served: Variety food stalls; Nearest Train Station: Goostrey on the Manchester to Crewe line; Address: Jodrell Bank Observatory, Jodrell Bank, Lower Withington, Macclesfield, SK11 9DL; Website: http://www.jodrellbank.net; Music Policy: Alternative rock; Ambiance: It feels like visiting a space station; Drinks served: Bars; Parking: Yes; "
Standon Calling festival;Thursday 22nd - Saturday 24th July 2021;Standon Lordship in Hertfordshire;Minimum age: 1;"Name: Standon Lordship; Phone: -; Capacity: 5000; Drinks served: Yes; Address: Standon, Hertfordshire, SG11 1EE; Venue short url: https://www.skiddle.com/venues/31370/; Type of venue: Outdoors; Food served: Yes; "
Cloudspotting Music and Arts Festival;Friday 23rd - Sunday 25th July 2021;Gisburn Forest Hub in Clitheroe;No age restrictions;"Name: Gisburn Forest Hub; Phone: 01200 446533; Venue short url: https://www.skiddle.com/venues/94142/; Music Policy: Eclectic (this site is only used for music on special occasions); Ambiance: Chilled; Clientele: All ages; Drinks served: A cafe operates 7 days a week between 10am and 4pm; Disabled facilities: Yes; Nearest Bus Stop: Dale Head; Address: Stephen Park, Dale Head, Slaidburn, Clitheroe, BB7 4TS; Website: http://gisburnforesthub.co.uk; Capacity: 1,000; Type of venue: Outdoors; Dress code: Not applicable; Opening hours: 10am-4pm; Food served: Yes; Parking: Yes (There is a pay and display car park); Nearest Train Station: Clitheroe ; "
SFest Music Festival;Friday 23rd - Saturday 24th July 2021;Stourport Swifts Football Club in Stourport-on-Severn;No age restrictions;"Name: Stourport Swifts Football Club; Phone: 07912 890997; Venue short url: https://www.skiddle.com/venues/99654/; Type of venue: Sports; Address: Harold Davies Drive, Stourport-on-Severn, DY13 0AA; Website: https://www.stourportswiftsfc.co.uk/; Capacity: 2000; "
Truck Festival;Friday 23rd - Sunday 25th July 2021;Hill Farm in Oxfordshire;No age restrictions;"Name: Hill Farm; Address: Steventon, Oxfordshire, OX13 6AB; Phone: ; Venue short url: https://www.skiddle.com/venues/77569/; Type of venue: Outdoors; "
Tramlines Festival;Friday 23rd - Sunday 25th July 2021;Various Sheffield Venues in Sheffield;No age restrictions;"Name: Various Sheffield Venues; Address: West Street, Sheffield, S1 4EB; Phone: 07595632636; Venue short url: https://www.skiddle.com/venues/44352/; Type of venue: Nightclub; "
Carl Cox - Brighton Beach festival;Friday 23rd July 2021;Brighton Beach in Brighton;Minimum age: 18;"Name: Brighton Beach; Phone: ; Capacity: 10000; Address: Madeira Drive, Brighton, BN2 1TW; Venue short url: https://www.skiddle.com/venues/71137/; Type of venue: Outdoors; "
PennFest festival;Friday 23rd - Sunday 25th July 2021;The Big Park in Penn;No age restrictions;"Name: The Big Park; Address: Horsemoor Lane, Penn Street, Amersham, Buckinghamshire, Penn, HP7 0PL; Phone: ; Venue short url: https://www.skiddle.com/venues/76914/; Type of venue: Outdoors; "
Wonderwood festival;Saturday 24th July 2021;Valiants Farm in Preston;Minimum age: 18;"Name: Valiants Farm; Phone: ; Capacity: 5000; Address: Valiants Farm, Lancaster Road, Out Rawcliffe, Preston, PR3 6BL; Venue short url: https://www.skiddle.com/venues/79339/; Type of venue: Live; "
Sequences present Chase & Status dj set plus huge support festival;Saturday 24th July 2021;Greville Smyth Park in Bristol;Minimum age: 18;"Name: Greville Smyth Park; Phone: ; Venue short url: https://www.skiddle.com/venues/104501/; Music Policy: Varied; Ambiance: outdoors; Clientele: Over 18s only; Drinks served: Yes; Disabled facilities: Step free access; Nearest Train Station: Parson Street; Address:  Ashton Road, Bristol, BS3 2EQ; Website: http://www.grevillesmyth.live; Capacity: 6000; Type of venue: Outdoors; Dress code: Any; Opening hours: 12:00-22:00; Food served: Yes; Parking: No parking available; "
On The Beach - Saturday festival;Saturday 24th July 2021;Brighton Beach in Brighton;Minimum age: 18;"Name: Brighton Beach; Phone: ; Capacity: 10000; Address: Madeira Drive, Brighton, BN2 1TW; Venue short url: https://www.skiddle.com/venues/71137/; Type of venue: Outdoors; "
Katherine Jenkins plus Special Guests  festival;Sunday 25th July 2021;Promenade Park in Maldon;No age restrictions;"Name: Promenade Park; Address: Park Drive, Maldon, CM9 5JQ; Phone: 01245 457408; Venue short url: https://www.skiddle.com/venues/25718/; Type of venue: Outdoors; "
On The Beach - Sunday festival;Sunday 25th July 2021;Brighton Beach in Brighton;Minimum age: 18;"Name: Brighton Beach; Phone: ; Capacity: 10000; Address: Madeira Drive, Brighton, BN2 1TW; Venue short url: https://www.skiddle.com/venues/71137/; Type of venue: Outdoors; "
Y Not Festival;Thursday 29th July - Monday 2nd August 2021;Y Not Festival in Pikehall Matlock;No age restrictions;"Name: Y Not Festival; Address: Mouldridge Lane , Pikehall Matlock, DE4 2PH; Phone: n a; Venue short url: https://www.skiddle.com/venues/13235/; Type of venue: Outdoors; "
Outlook Origins festival;Thursday 29th July - Monday 2nd August 2021;Tisno in Tisno;Minimum age: 18;"Name: Tisno; Address: Croatia, Tisno, BN1 3TT; Phone: ; Venue short url: https://www.skiddle.com/venues/88259/; Type of venue: Nightclub; "
Summer Sound festival;Friday 30th - Saturday 31st July 2021;Gisborough Priory in Guisborough;Minimum age: 16;"Name: Gisborough Priory; Phone: 07855 494494; Venue short url: https://www.skiddle.com/venues/53824/; Music Policy: Rock, Pop and Disco; Dress code: No dress code. Fancy Dress optional.; Opening hours: 2pm till 11pm; Food served: Yes. Outdoor food village plus option to bring your own picnic.; Parking: Parking locally and at nearby college.; Address: Church Street, Guisborough, TS14 6HG; Website: https://www.english-heritage.org.uk/visit/places/gisborough-priory; Capacity: 2500; Type of venue: Outdoors; Clientele: Over 16's; Drinks served: Yes. Licenced bar plus option to bring your own drink.; Disabled facilities: Access restricted in some areas due to uneven ground.; "
Big Family Festival;Friday 30th July - Sunday 1st August 2021;To Be Announced  in Kingsbury;No age restrictions;"Name: To Be Announced ; Phone: ; Capacity: 4500; Address: Kingsbury, Curdworth, Kingsbury, B76 0BA; Venue short url: https://www.skiddle.com/venues/65084/; Type of venue: Outdoors; "
Farmfest festival;Friday 30th - Saturday 31st July 2021;Bruton Somerset UK in Somerset;No age restrictions;"Name: Bruton Somerset UK; Address: Bruton, Somerset, AB10 uty; Phone: N/A; Venue short url: https://www.skiddle.com/venues/55472/; Type of venue: Outdoors; "
Festival Of Wheels;Friday 30th July - Sunday 1st August 2021;Trinity Park in Ipswich;No age restrictions;"Name: Trinity Park; Phone: 01473 707119; Capacity: 4,999; Address: Felixstowe Road, Ipswich, IP3 8UH; Venue short url: https://www.skiddle.com/venues/7432/; Type of venue: Live; "
Buckle & Boots Country Festival;Friday 30th July - Sunday 1st August 2021;Whitebottom Farm in Stockport;No age restrictions;"Name: Whitebottom Farm; Address: Etherow Country Park, Compstall, Stockport, SK6 5HZ; Phone: ; Venue short url: https://www.skiddle.com/venues/58626/; Type of venue: Outdoors; "
Acropolis Festival;Saturday 31st July 2021;Tutbury Castle in Tutbury;Minimum age: 18;"Name: Tutbury Castle; Address: Tutbury, staffs, Tutbury, DE13 9JF; Phone: 01283 812129; Venue short url: https://www.skiddle.com/venues/13002/; Type of venue: Outdoors; "
Hifields Festival 2021;Saturday 31st July - Sunday 1st August 2021;Chippenham Park in Newmarket;Minimum age: 18;"Name: Chippenham Park; Address: Chippenham Park, Newmarket, CB7 5PT; Phone: ; Venue short url: https://www.skiddle.com/venues/101701/; Type of venue: Outdoors; "
Hastings Reggae Festival 2021;Saturday 31st July 2021;The Oval in Hastings;No age restrictions;"Name: The Oval; Phone: ; Capacity: 5000; Type of venue: Outdoors; Clientele: All Welcome; Drinks served: All; Disabled facilities: Yes; Nearest Train Station: Hastings - 5 Minutes Walk. St Leonards - 5 Mins Walk; Address: Bohemia Road, Hastings, TN34 1EU; Venue short url: https://www.skiddle.com/venues/83390/; Music Policy: Music; Dress code: None; Opening hours: 12:00 -23:00; Food served: Varied; Parking: Plenty; "
VillagePeopleWeekend 2021 festival;Saturday 31st July 2021;Sackville Gardens in Manchester;Minimum age: 18;"Name: Sackville Gardens; Address: Whitworth Street, Manchester, M1 3HB; Phone: ; Venue short url: https://www.skiddle.com/venues/101014/; Type of venue: Outdoors; "
Naughty Fest festival;Saturday 31st July 2021;Bushey Sports Club in Bushey;Minimum age: 18;"Name: Bushey Sports Club; Address: Aldenham Road, Bushey, WD23 2TR; Phone: 01923  243947; Venue short url: https://www.skiddle.com/venues/47418/; Type of venue: Sports; "
MFor Festival;Saturday 31st July 2021;Lydiard Park in Swindon;No age restrictions;"Name: Lydiard Park; Phone: 01793 445500; Capacity: 18500; Dress code: Casual; Food served: Yes; Parking: On site parking; Address: Lydiard Park, Hook Street, Lydiard Tregoze, Swindon, SN5 3PA; Venue short url: https://www.skiddle.com/venues/21130/; Type of venue: Outdoors; Drinks served: Yes; Disabled facilities: Yes; Nearest Train Station: Swindon; "
BeachJam festival;Saturday 31st July 2021;Majuba Beach in Redcar;Minimum age: 18;"Name: Majuba Beach; Phone: 07826526582; Type of venue: Outdoors; Opening hours: 1pm - 11pm; Address: Majuba Beach , Redcar, TS10 5BJ; Venue short url: https://www.skiddle.com/venues/41926/; Dress code: Just about anything goes, itâ€™s a beach!; "
Let's Rock Liverpool! festival;Saturday 31st July 2021;Wavertree Playing Fields (Mystery) in Liverpool;No age restrictions;"Name: Wavertree Playing Fields (Mystery); Address: Liverpool, Liverpool, L15 4LE; Phone: ; Venue short url: https://www.skiddle.com/venues/102776/; Type of venue: Outdoors; "
Coloursfest festival;Saturday 31st July 2021;Braehead Arena in Glasgow;Minimum age: 18;"Name: Braehead Arena; Address: Kings Inch Road, Glasgow, G51 4BS; Phone: 0141 885 4611; Venue short url: https://www.skiddle.com/venues/1753/; Type of venue: Live; "
Liverpool Disco Festival;Saturday 31st July 2021;Camp And Furnace in Liverpool;Minimum age: 18;"Name: Camp And Furnace; Phone: 0151 708 2890; Venue short url: https://www.skiddle.com/venues/30720/; Type of venue: Bar/Pub; Nearest Train Station: Liverpool Central; Address: 67 Greenland Street , Liverpool , L1 0BY; Website: http://www.campandfurnace.com; Capacity: 500 - 2000; Nearest Bus Stop: Stanhope street, Brick Street; "
MADE Festival;Saturday 31st July 2021;Sandwell Valley Country Park in Sandwell;Minimum age: 16;"Name: Sandwell Valley Country Park; Address: Sandwell Valley Country Park, Sandwell Valley Country Park, Sandwell, B71 4BG, Sandwell, B71 4BG; Phone: ; Venue short url: https://www.skiddle.com/venues/93944/; Type of venue: Outdoors; "
Save The Rave: 90s Festival;Saturday 31st July 2021;Victoria Park Southport in Southport;Minimum age: 18;"Name: Victoria Park Southport; Phone: 01704 547 147; Capacity: 200; Opening hours: 11am; Parking: Provided; Address: Rotton Row, Southport, PR8 2BZ; Venue short url: https://www.skiddle.com/venues/37732/; Type of venue: Outdoors; Disabled facilities: yes; Nearest Bus Stop: Southport Bus Station; "
The Popworld Festival;Saturday 31st July 2021;Millennium Square in Leeds;Minimum age: 18;"Name: Millennium Square; Phone: 0113 378 6988; Venue short url: https://www.skiddle.com/venues/49918/; Disabled facilities: Accessible viewing area, High Dependency Unit/Changing Places Toilet; Address:  Millennium Square, Calverley Street , Leeds, LS1 1UR; Website: http://www.millsqleeds.com; Type of venue: Outdoors; Nearest Train Station: Leeds Train Station; "
In The Park with McFly + Special Guests festival;Saturday 31st July 2021;Garon Park in Southend-On-Sea;Minimum age: 12;"Name: Garon Park; Phone: 07968 779950; Venue short url: https://www.skiddle.com/venues/44340/; Music Policy: All kinds; Ambiance: Yes; Clientele: All ages ; Drinks served: Yes ; Disabled facilities: Yes; Nearest Bus Stop: Cluny square; Address:  Eastern Avenue, Southend-on-Sea, SS2 4FA, Southend-On-Sea, SS2 4FA; Website: https://www.facebook.com/intheparkconcerts/?ref=settings; Capacity: 10,000; Type of venue: Outdoors; Dress code: none; Opening hours: 11am till 11.30pm; Food served: Yes; Parking: 2 large free car parks; Nearest Train Station: Prittlewell; "
UB40 Live From The Valley festival;Sunday 1st August 2021;Sandwell Valley Country Park in Sandwell;No age restrictions;"Name: Sandwell Valley Country Park; Address: Sandwell Valley Country Park, Sandwell Valley Country Park, Sandwell, B71 4BG, Sandwell, B71 4BG; Phone: ; Venue short url: https://www.skiddle.com/venues/93944/; Type of venue: Outdoors; "
Look-A-Like Festival: Outdoor Tribute Festival;Sunday 1st August 2021;Victoria Park Southport in Southport;No age restrictions;"Name: Victoria Park Southport; Phone: 01704 547 147; Capacity: 200; Opening hours: 11am; Parking: Provided; Address: Rotton Row, Southport, PR8 2BZ; Venue short url: https://www.skiddle.com/venues/37732/; Type of venue: Outdoors; Disabled facilities: yes; Nearest Bus Stop: Southport Bus Station; "
Proms in the Priory festival;Sunday 1st August 2021;Gisborough Priory in Guisborough;No age restrictions;"Name: Gisborough Priory; Phone: 07855 494494; Venue short url: https://www.skiddle.com/venues/53824/; Music Policy: Rock, Pop and Disco; Dress code: No dress code. Fancy Dress optional.; Opening hours: 2pm till 11pm; Food served: Yes. Outdoor food village plus option to bring your own picnic.; Parking: Parking locally and at nearby college.; Address: Church Street, Guisborough, TS14 6HG; Website: https://www.english-heritage.org.uk/visit/places/gisborough-priory; Capacity: 2500; Type of venue: Outdoors; Clientele: Over 16's; Drinks served: Yes. Licenced bar plus option to bring your own drink.; Disabled facilities: Access restricted in some areas due to uneven ground.; "
The Sustaina Ball festival;Friday 6th - Sunday 8th August 2021;Tomkins Farm in Lewes;Minimum age: 18;"Name: Tomkins Farm; Phone: ; Capacity: 499; Opening hours: Midday; Address: Cinder Hill, Lewes, BN8 4HP; Venue short url: https://www.skiddle.com/venues/104403/; Type of venue: Outdoors; "
Rivfest 21 festival;Friday 6th - Sunday 8th August 2021;Old Market Square, Warrington in Warrington;Minimum age: 18;"Name: Old Market Square, Warrington; Address: Old Market Square, Warrington, WA1 1QB; Phone: 01925 655053; Venue short url: https://www.skiddle.com/venues/23142/; Type of venue: Outdoors; "
Party at the Palace festival;Friday 6th - Sunday 8th August 2021;Lochside Field Linlithgow in Linlithgow;No age restrictions;"Name: Lochside Field Linlithgow; Phone: ; Capacity: 9000; Type of venue: Outdoors; Dress code: Casual / Festival; Opening hours: 12.00; Food served: Various Food Outlets; Parking: Next to the event site; Nearest Train Station: Linlithgow; Address: A803, Linlithgow, EH49 7LP; Venue short url: https://www.skiddle.com/venues/70098/; Music Policy: Pop, Rock, Festival; Ambiance: On Site; Clientele: Family / Festival Goer; Drinks served: Fully Licensed Bars; Disabled facilities: Flight gradient in the field - Disabled toilets available ; Nearest Bus Stop: Linlithgow High Street; "
Clubland On The Beach festival;Friday 6th August 2021;Majuba Beach in Redcar;Minimum age: 18;"Name: Majuba Beach; Phone: 07826526582; Type of venue: Outdoors; Opening hours: 1pm - 11pm; Address: Majuba Beach , Redcar, TS10 5BJ; Venue short url: https://www.skiddle.com/venues/41926/; Dress code: Just about anything goes, itâ€™s a beach!; "
Rewind Festival North;Friday 6th - Sunday 8th August 2021;Capesthorne Hall in Macclesfield;No age restrictions;"Name: Capesthorne Hall; Address:  Congleton Road, Siddington, Macclesfield, Macclesfield, SK11 9JY; Phone: ; Venue short url: https://www.skiddle.com/venues/69767/; Type of venue: Other; "
The Bath Festival Finale;Saturday 7th - Sunday 8th August 2021;The Recreation Ground in Bath;Minimum age: 18;"Name: The Recreation Ground; Phone: 0; Capacity: Bath; Address: Spring Gardens, Bath, BA2 4HY; Venue short url: https://www.skiddle.com/venues/18489/; Type of venue: Sports; "
Southern Sunset Festival;Saturday 7th August 2021;The Oval in Hastings;Minimum age: 18;"Name: The Oval; Phone: ; Capacity: 5000; Type of venue: Outdoors; Clientele: All Welcome; Drinks served: All; Disabled facilities: Yes; Nearest Train Station: Hastings - 5 Minutes Walk. St Leonards - 5 Mins Walk; Address: Bohemia Road, Hastings, TN34 1EU; Venue short url: https://www.skiddle.com/venues/83390/; Music Policy: Music; Dress code: None; Opening hours: 12:00 -23:00; Food served: Varied; Parking: Plenty; "
51st State Festival;Saturday 7th August 2021;Trent Country Park in London;Minimum age: 18;"Name: Trent Country Park; Phone: ; Venue short url: https://www.skiddle.com/venues/89387/; Type of venue: Outdoors; Address:  Cockfosters Road Barnet, Enfield, EN4 0PS; Website: https://new.enfield.gov.uk/services/leisure-and-culture/parks-and-open-spaces/green-enfield/#22; Capacity: 100; Nearest Train Station: Cockfosters; "
FestEvol festival;Saturday 7th - Saturday 14th August 2021;Invisible Wind Factory in Liverpool;Minimum age: 18;"Name: Invisible Wind Factory; Phone: 0151 236 3160; Venue short url: https://www.skiddle.com/venues/70821/; Music Policy: Varies, depending on event; Dress code: Casual; Opening hours: Dependent on event; Food served: No; Nearest Bus Stop: Vandries Street, Dublin Street or Cotton Street; Address: 3 Regent Road, Liverpool, L3 7DS; Website: http://thekazimier.co.uk/; Capacity: 1200; Type of venue: Live; Clientele: Music fans; Drinks served: Yes; Parking: On street parking; Nearest Train Station: Sandhills or Moorfields; "
Metrofest 2021 festival;Sunday 8th August 2021;Trent Country Park in Enfield;Minimum age: 18;"Name: Trent Country Park; Phone: ; Venue short url: https://www.skiddle.com/venues/89387/; Type of venue: Outdoors; Address:  Cockfosters Road Barnet, Enfield, EN4 0PS; Website: https://new.enfield.gov.uk/services/leisure-and-culture/parks-and-open-spaces/green-enfield/#22; Capacity: 100; Nearest Train Station: Cockfosters; "
Bloodstock Open Air festival;Wednesday 11th - Sunday 15th August 2021;Catton Park in Walton Upon Trent;No age restrictions;"Name: Catton Park; Address: Catton Park, Walton Upon Trent, DE12 8LN; Phone: 01283 716311; Venue short url: https://www.skiddle.com/venues/24152/; Type of venue: Outdoors; "
Houghton Festival;Thursday 12th - Sunday 15th August 2021;Houghton Hall in Norfolk;Minimum age: 18;"Name: Houghton Hall; Address: King's Lynn, , Norfolk , PE31 6UE; Phone: 01485 528 569; Venue short url: https://www.skiddle.com/venues/23638/; Type of venue: Outdoors; "
Baltic Weekender festival;Friday 13th - Sunday 15th August 2021;Baltic Triangle in Liverpool;Minimum age: 18;"Name: Baltic Triangle; Phone: ; Venue short url: https://www.skiddle.com/venues/27782/; Address: Jamaica Street, Liverpool, L1 0BS; Website: http://baltictriangle.co.uk; Type of venue: Nightclub; "
Live Forever 90s Festival;Friday 13th - Sunday 15th August 2021;Colebrook Park in Tunbridge Wells,;No age restrictions;"Name: Colebrook Park; Phone: 07909 522141; Venue short url: https://www.skiddle.com/venues/81485/; Music Policy: Live Music; Dress code: Casual; Opening hours: 12:00 - 23:50; Food served: Online Catering; Parking: Off Road FREE; Nearest Train Station: Tonbridge; Address:  Kingstanding Way, Tunbridge Wells, , TN2 3UP; Website: http://www.theultimatetributefest.co.uk/; Capacity: 5000; Type of venue: Outdoors; Clientele: Families; Drinks served: Onsite Catering; Disabled facilities: Yes; Nearest Bus Stop: 500 meters; "
The Big Barn Rally festival;Friday 13th - Saturday 14th August 2021;Whitebottom Farm in Stockport;Minimum age: 18;"Name: Whitebottom Farm; Address: Etherow Country Park, Compstall, Stockport, SK6 5HZ; Phone: ; Venue short url: https://www.skiddle.com/venues/58626/; Type of venue: Outdoors; "
Depot In The Castle  festival;Saturday 14th August 2021;Cardiff Castle in Cardiff;No age restrictions;"Name: Cardiff Castle; Phone: 02920 878 100; Venue short url: https://www.skiddle.com/venues/63044/; Type of venue: Other; Address: Castle Street, Cardiff, CF10 3RB; Website: https://www.cardiffcastle.com/; Capacity: 3,000; Opening hours: 9am-6pm; "
Mardi Gras: Proud in the Park festival;Saturday 14th August 2021;Roundhay Park in Leeds;Minimum age: 18;"Name: Roundhay Park; Address: Roundhay Park, Leeds, LS8 2HH; Phone:  0113 378 600; Venue short url: https://www.skiddle.com/venues/3557/; Type of venue: Outdoors; "
Colour Clash festival;Saturday 14th August 2021;Tredegar Park in Newport;Minimum age: 18;"Name: Tredegar Park; Address: NEWPORT Newport Tredegar Park NP20 3AR, Newport, NP20 3AR; Phone: ; Venue short url: https://www.skiddle.com/venues/78025/; Type of venue: Outdoors; "
Garage Nation Outdoor Festival;Saturday 14th - Sunday 15th August 2021;Addington Park in Croydon, Surrey;Minimum age: 18;"Name: Addington Park; Address: Addington Park, Croydon, Surrey, CR0 5AR; Phone: 08444771000; Venue short url: https://www.skiddle.com/venues/52436/; Type of venue: Outdoors; "
The Milton Keynes Reggae Festival;Saturday 14th August 2021;Campbell Park in Milton Keynes;No age restrictions;"Name: Campbell Park; Address:  Campbell Park, Milton Keynes, MK9, Milton Keynes, MK9 4AD; Phone: 0870 4441505; Venue short url: https://www.skiddle.com/venues/12123/; Type of venue: Outdoors; "
Morley Music Festival;Saturday 14th August 2021;Morley Rugby Club in Leeds;No age restrictions;"Name: Morley Rugby Club; Phone: ; Capacity: 4000; Address: Scatcherd Lane, Morley, Leeds, LS27 0JJ; Venue short url: https://www.skiddle.com/venues/104761/; Type of venue: Sports; "
One Dance festival;Sunday 15th August 2021;Addington Park in Croydon, Surrey;Minimum age: 18;"Name: Addington Park; Address: Addington Park, Croydon, Surrey, CR0 5AR; Phone: 08444771000; Venue short url: https://www.skiddle.com/venues/52436/; Type of venue: Outdoors; "
Herts Fest festival;Sunday 15th August 2021;Herts County Showground in St. Albans;Minimum age: 18;"Name: Herts County Showground; Address: Dunstable Road, St. Albans, AL3 7PT; Phone: ; Venue short url: https://www.skiddle.com/venues/6313/; Type of venue: Outdoors; "
Sonny Fodera & Gorgon City present: Back to Love Bristol festival;Sunday 15th August 2021;Motion in Bristol;Minimum age: 18;"Name: Motion; Phone: ; Capacity: 2800; Type of venue: Nightclub; Drinks served: Several Bars on site.; Disabled facilities: We are keen to promote equality of opportunity for people with disabilities and where possible have taken the necessary steps to meet customer's requirements. Both Motion and The Marble Factory are accessible and wheelchair friendly; Address: 74-78 Avon Street, St Phillips, Bristol, BS2 0PX; Venue short url: https://www.skiddle.com/venues/9204/; Music Policy: Live Music, DJ's. ; Dress code: There are no restrictions, wear whatever you wish! However items of fancy dress may be confiscated if they are deemed to be dangerous.; Food served: Food is available on site.; Parking: There is no parking at the venue, there is limited street parking on Silverthorne Lane and on Feeder road. Click here for more information on local car parks.; "
Green Man Festival 2021;Thursday 19th - Sunday 22nd August 2021;Green Man Festival in Crickhowell, Powys;No age restrictions;"Name: Green Man Festival; Address: Usk Valley, Crickhowell, Powys, NP10 1LP; Phone: -; Venue short url: https://www.skiddle.com/venues/17817/; Type of venue: Outdoors; "
Green Man Festival 2021;Thursday 19th - Sunday 22nd August 2021;Green Man Festival in Crickhowell, Powys;No age restrictions;"Name: Green Man Festival; Address: Usk Valley, Crickhowell, Powys, NP10 1LP; Phone: -; Venue short url: https://www.skiddle.com/venues/17817/; Type of venue: Outdoors; "
ArcTanGent  festival;Thursday 19th - Saturday 21st August 2021;Fernhill Farm in Bristol;No age restrictions;"Name: Fernhill Farm; Address: Fernhill Farm, Cheddar Road, Compton Martin, Bristol, BS40 6LD; Phone: ; Venue short url: https://www.skiddle.com/venues/101144/; Type of venue: Live; "
We Out Here Festival;Thursday 19th - Sunday 22nd August 2021;Grange Farm in Abbots Ripton;No age restrictions;"Name: Grange Farm; Address: Mill Hill Field, Abbots Ripton, PE28 2PH; Phone: ; Venue short url: https://www.skiddle.com/venues/70223/; Type of venue: Nightclub; "
BTID Wonderland - The Inside Out festival;Friday 20th - Saturday 21st August 2021;Valiants Farm in Preston;Minimum age: 18;"Name: Valiants Farm; Phone: ; Capacity: 5000; Address: Valiants Farm, Lancaster Road, Out Rawcliffe, Preston, PR3 6BL; Venue short url: https://www.skiddle.com/venues/79339/; Type of venue: Live; "
Party At The Park festival;Friday 20th - Sunday 22nd August 2021;South Inch in Perth;No age restrictions;"Name: South Inch; Address: South Inch, Shore Road, Perth, PH2 8BW; Phone: ; Venue short url: https://www.skiddle.com/venues/79036/; Type of venue: Outdoors; "
Rewind Festival;Friday 20th - Sunday 22nd August 2021;Temple Island Meadows in HenleyonThames;No age restrictions;"Name: Temple Island Meadows; Phone: ; Venue short url: https://www.skiddle.com/venues/70568/; Address: Henley-on-Thames, HenleyonThames, RG9 3DD; Website: http://www.templeislandmeadows.com/; Type of venue: other; "
Weyfest festival;Friday 20th - Sunday 22nd August 2021;Rural Life Centre Tilford Surrey in Farnham;No age restrictions;"Name: Rural Life Centre Tilford Surrey; Phone: 01252 795571; Venue short url: https://www.skiddle.com/venues/16576/; Address: Reeds Road, Tilford, Farnham, GU10 2DL; Website: http://rural-life.org.uk/; Type of venue: Outdoors; "
A New Day Festival;Friday 20th - Sunday 22nd August 2021;Mount Ephraim Gardens in Faversham;No age restrictions;"Name: Mount Ephraim Gardens; Phone: ; Capacity: 4000; Opening hours: 11am to 11pm; Address: Mount Ephraim Gardens, Staple Street, Hernhill, Faversham, ME13 9TX; Venue short url: https://www.skiddle.com/venues/64966/; Type of venue: Outdoors; "
Let's Rock The North East festival;Saturday 21st August 2021;Herrington Country Park in Sunderland;Minimum age: 18;"Name: Herrington Country Park; Phone: 07702 257911; Venue short url: https://www.skiddle.com/venues/1655/; Type of venue: Outdoors; Address: Herrington Country Park, Sunderland, DH4 7EL; Website: http://www.blockrockinevents.co.uk; Capacity: 15000; "
Rockore festival;Saturday 21st August 2021;Lochore Meadows Country Park in Lochgelly;No age restrictions;"Name: Lochore Meadows Country Park; Phone: ; Capacity: 3000; Opening hours: 12  pm to 10.30 pm; Food served: Various vendors; Nearest Bus Stop: Park entrance - No 19 bus service; Address: Crosshill, Lochgelly, KY5 8BA; Venue short url: https://www.skiddle.com/venues/78713/; Type of venue: Outdoors; Drinks served: Licensed Bar; Parking: Free parking on site; Nearest Train Station: Lochgelly (1.5 miles away); "
Brighton Tattoo Convention festival;Saturday 21st - Sunday 22nd August 2021;Brighton Centre in Brighton;No age restrictions;"Name: Brighton Centre; Phone: 01273 290131; Capacity: 4500; Address: Kings Road, East Sussex , Brighton, BN1 2GR; Venue short url: https://www.skiddle.com/venues/11223/; Type of venue: Live; "
The Great Northern SKA Festival;Saturday 21st August 2021;Bowlers Exhibition Centre in Manchester;Minimum age: 12;"Name: Bowlers Exhibition Centre; Phone: 01618760007; Venue short url: https://www.skiddle.com/venues/30902/; Type of venue: Nightclub; Parking: 800 Free car parking spaces. There is Accessible Parking near the Bowlers Exhibition Centre and limited dedicated accessible parking spaces are available in the venue car park area itself.; Address:  Longbridge Road, Stretford, Manchester, M17 1SN; Website: http://www.bowlersexhibitioncentre.co.uk/; Capacity: 300 up to 4,500; Disabled facilities: Mostly disabled friendly with full access to most areas of the event. There are disabled toilet facilities inside the public toilet areas, and ramps throughout the ground floor and outside.; Nearest Bus Stop: Park Way bus stop (MANJPJPG); "
The One in the Woods festival;Saturday 21st - Sunday 22nd August 2021;Orrell Hill Woods in Liverpool;Minimum age: 18;"Name: Orrell Hill Woods; Phone: ; Capacity: 4999; Address: Orrell Hill Farm, Orrell Hill Lane, Liverpool, L38 5DA; Venue short url: https://www.skiddle.com/venues/103481/; Type of venue: Outdoors; "
elrow Town London festival;Saturday 21st August 2021;Trent Park in London;Minimum age: 18;"Name: Trent Park; Address: Near Cockfosters Station, London, EN4 0PS; Phone: 23424242; Venue short url: https://www.skiddle.com/venues/9281/; Type of venue: Outdoors; "
Parked Out festival;Saturday 21st August 2021;The Old Post Office in Barnsley;Minimum age: 18;"Name: The Old Post Office; Phone: 01226 387619; Type of venue: Bar/Pub; Parking: large car park; Address: Huddersfield Road, Barnsley, S75 4DE; Venue short url: https://www.skiddle.com/venues/9890/; Food served: pub meals available; "
Terminal V Summer Series :: CHARLOTTE DE WITTE festival;Saturday 21st August 2021;Royal Highland Showground in Newbridge;Minimum age: 18;"Name: Royal Highland Showground; Address: 1 Ingliston Gardens, Ingliston, Newbridge, EH28 8NB; Phone: ; Venue short url: https://www.skiddle.com/venues/81318/; Type of venue: Other; "
cinch presents Creamfields 2021 festival;Thursday 26th - Sunday 29th August 2021;Creamfields in Cheshire;Minimum age: 18;"Name: Creamfields; Phone: 20, 000; Capacity: 70000; Type of venue: Live; Opening hours: 7.00am; Food served: Yes; Address: Daresbury, Warrington, Cheshire, WA4 4AG; Venue short url: https://www.skiddle.com/venues/55796/; Music Policy: Dance music - EDM / Techno / Trance  / Hard Dance / House / Drum & Bass; Dress code: casual; Drinks served: Yes; "
Solfest festival;Thursday 26th - Sunday 29th August 2021;North Lakes Country Park in Silloth, Cumbria;No age restrictions;"Name: North Lakes Country Park; Address: Tarnside, Silloth, Cumbria, CA7 4NQ; Phone: ; Venue short url: https://www.skiddle.com/venues/94950/; Type of venue: Outdoors; "
Glastonferret festival;Thursday 26th - Sunday 29th August 2021;The Ferret in  Preston;Minimum age: 16;"Name: The Ferret; Phone: 01772 200017; Venue short url: https://www.skiddle.com/venues/10946/; Address: 55 Fylde Road,  Preston, PR1 2XQ; Website: https://theferret.live/; Type of venue: Live; "
Victorious Festival;Friday 27th - Sunday 29th August 2021;Southsea Seafront in Southsea;No age restrictions;"Name: Southsea Seafront; Address: Speaker's Corner, Clarence Esplanade, Southsea, PO5 3PG; Phone: 02392 834067; Venue short url: https://www.skiddle.com/venues/49422/; Type of venue: Outdoors; "
Stone Valley Festival Midlands;Friday 27th - Sunday 29th August 2021;Thoresby Park in Nottingham;Minimum age: 18;"Name: Thoresby Park; Address: Thoresby Park, Nr Ollerton, Nottingham, NG22 9EH; Phone: 01283 820548; Venue short url: https://www.skiddle.com/venues/15505/; Type of venue: Outdoors; "
Reading Festival;Thursday 26th - Sunday 29th August 2021;Richfield Avenue Festival Site in Reading;Minimum age: 13;"Name: Richfield Avenue Festival Site; Address: Richfield Avenue, Reading, RG1 8EQ; Phone: 020 8963 0940; Venue short url: https://www.skiddle.com/venues/785/; Type of venue: Outdoors; "
Leeds Festival Tickets;Thursday 26th - Sunday 29th August 2021;Bramham Park in Wetherby;Minimum age: 13;"Name: Bramham Park; Phone: 01937846000; Venue short url: https://www.skiddle.com/venues/11786/; Opening hours: Mon-Fri - 10am til 4pm // Sat/Sun - Closed; Address: Bramham Park, Wetherby, LS23 6ND; Website: http://www.bramhampark.co.uk; Type of venue: Outdoors; Nearest Bus Stop: 770; "
Big Feastival  festival;Friday 27th - Sunday 29th August 2021;Alex James Farm in Kingham;No age restrictions;"Name: Alex James Farm; Address: Alex James Farm, Kingham, OX7 6UJ; Phone: N/A; Venue short url: https://www.skiddle.com/venues/44524/; Type of venue: Outdoors; "
Alfresco festival;Friday 27th - Sunday 29th August 2021;Colebrook Park in Tunbridge Wells,;Minimum age: 18;"Name: Colebrook Park; Phone: 07909 522141; Venue short url: https://www.skiddle.com/venues/81485/; Music Policy: Live Music; Dress code: Casual; Opening hours: 12:00 - 23:50; Food served: Online Catering; Parking: Off Road FREE; Nearest Train Station: Tonbridge; Address:  Kingstanding Way, Tunbridge Wells, , TN2 3UP; Website: http://www.theultimatetributefest.co.uk/; Capacity: 5000; Type of venue: Outdoors; Clientele: Families; Drinks served: Onsite Catering; Disabled facilities: Yes; Nearest Bus Stop: 500 meters; "
Moovin Festival;Friday 27th - Sunday 29th August 2021;Whitebottom Farm in Stockport;Minimum age: 18;"Name: Whitebottom Farm; Address: Etherow Country Park, Compstall, Stockport, SK6 5HZ; Phone: ; Venue short url: https://www.skiddle.com/venues/58626/; Type of venue: Outdoors; "
South East Dance Festival;Saturday 28th August 2021;Garon Park in Southend-On-Sea;Minimum age: 18;"Name: Garon Park; Phone: 07968 779950; Venue short url: https://www.skiddle.com/venues/44340/; Music Policy: All kinds; Ambiance: Yes; Clientele: All ages ; Drinks served: Yes ; Disabled facilities: Yes; Nearest Bus Stop: Cluny square; Address:  Eastern Avenue, Southend-on-Sea, SS2 4FA, Southend-On-Sea, SS2 4FA; Website: https://www.facebook.com/intheparkconcerts/?ref=settings; Capacity: 10,000; Type of venue: Outdoors; Dress code: none; Opening hours: 11am till 11.30pm; Food served: Yes; Parking: 2 large free car parks; Nearest Train Station: Prittlewell; "
Yam Carnival festival;Saturday 28th August 2021;Clapham Common in London;Minimum age: 16;"Name: Clapham Common; Phone: ; Music Policy: Trance, tech house, house, tech; Ambiance: Chilled out park. Changes to outdoor club vibe for SW4 festival; Clientele: Trendy festival goers; Drinks served: Beers, cider, wines, spirits; Disabled facilities: The majority of the path(s) are wide enough for wheelchair users. There are accessible toilet facilities and bench seats situated along the paths for people to rest. https://www.accessable.co.uk/venues/clapham-common; Nearest Bus Stop: Right outside; Address: Clapham Common, London, SW4 9DE; Venue short url: https://www.skiddle.com/venues/923/; Type of venue: Outdoors; Dress code: Anything; Opening hours: Clapham Common is open 24 hours a day.; Food served: Variety of takeaway food stands; Parking: Parking is a nightmare. Most of the streets are resident permits only. You can park in these zones on Sundays all other days best bet is to use the tube.; Nearest Train Station: Clapham Junction; "
Noughty 90s Festival Newcastle;Saturday 28th - Sunday 29th August 2021;Leazes Park  in Newcastle Upon Tyne;Minimum age: 18;"Name: Leazes Park; Address: Unnamed Road Newcastle upon Tyne, England, Tyne And Wear, NE2 4BJ; Phone: ; Venue short url: https://www.skiddle.com/venues/104216/; Type of venue: Other; "
Eastern Electrics Festival;Saturday 28th August 2021;Lee Valley Showground in London;Minimum age: 18;"Name: Lee Valley Showground; Address: Station Road, London, EN9 1AB; Phone: ; Venue short url: https://www.skiddle.com/venues/104530/; Type of venue: Nightclub; "
Clacton Family Festival;Saturday 28th August 2021;Weeley Car Boot in Clacton-on-Sea;No age restrictions;"Name: Weeley Car Boot; Phone: ; Capacity: 5000; Address: Saxons Lodge, Colchester Road, Weeley, Clacton-on-Sea, CO16 9AG; Venue short url: https://www.skiddle.com/venues/100279/; Type of venue: Outdoors; "
RTRN II DANCE festival;Sunday 29th August 2021;Clapham Common in London;Minimum age: 18;"Name: Clapham Common; Phone: ; Music Policy: Trance, tech house, house, tech; Ambiance: Chilled out park. Changes to outdoor club vibe for SW4 festival; Clientele: Trendy festival goers; Drinks served: Beers, cider, wines, spirits; Disabled facilities: The majority of the path(s) are wide enough for wheelchair users. There are accessible toilet facilities and bench seats situated along the paths for people to rest. https://www.accessable.co.uk/venues/clapham-common; Nearest Bus Stop: Right outside; Address: Clapham Common, London, SW4 9DE; Venue short url: https://www.skiddle.com/venues/923/; Type of venue: Outdoors; Dress code: Anything; Opening hours: Clapham Common is open 24 hours a day.; Food served: Variety of takeaway food stands; Parking: Parking is a nightmare. Most of the streets are resident permits only. You can park in these zones on Sundays all other days best bet is to use the tube.; Nearest Train Station: Clapham Junction; "
Maiden Voyage Festival;Sunday 29th August 2021;Lee Valley Showground in London;Minimum age: 18;"Name: Lee Valley Showground; Address: Station Road, London, EN9 1AB; Phone: ; Venue short url: https://www.skiddle.com/venues/104530/; Type of venue: Nightclub; "
Save The Rave Festival - Cardiff;Sunday 29th August 2021;VSA Warehouse in Cardiff;Minimum age: 18;"Name: VSA Warehouse; Phone: ; Capacity: 2500; Drinks served: Yes; Disabled facilities: Yes; Nearest Bus Stop: Llandough Hill; Address: Penarth Road, Cardiff, Cardiff, CF11 8TW; Venue short url: https://www.skiddle.com/venues/87030/; Type of venue: Live; Food served: Yes; Parking: N/A; Nearest Train Station: Cogan; "
Proper Fest festival;Sunday 29th August 2021;Weeley Car Boot in Clacton-on-Sea;Minimum age: 18;"Name: Weeley Car Boot; Phone: ; Capacity: 5000; Address: Saxons Lodge, Colchester Road, Weeley, Clacton-on-Sea, CO16 9AG; Venue short url: https://www.skiddle.com/venues/100279/; Type of venue: Outdoors; "
Insomnifest  festival;Sunday 29th August 2021;Beaver Works in Leeds;Minimum age: 18;"Name: Beaver Works; Phone: 01132448088; Capacity: 600-2000; Type of venue: Nightclub; Dress code: Cool and casual clubbers; Opening hours: 9-6; Food served: No; Parking: large carpark overlooked by security and more safe carparking nearby.  all free.; Nearest Train Station: Leeds central; Address: 36 Whitehouse Street, Leeds, LS10 1AD; Venue short url: https://www.skiddle.com/venues/11316/; Music Policy: Loud!; Ambiance: Leeds best clubbing experience; Clientele: Clubbers/ravers; Drinks served: Beers, wines, spirits, soft drinks; Disabled facilities: toilets and ramps but not fully accessable friendly. ; Nearest Bus Stop: Whitehouse Street; "
Lazy Sunday Old Skool & Jungle Festival;Sunday 29th August 2021;Vanilla Fields in Tempsford;Minimum age: 18;"Name: Vanilla Fields; Phone: ; Capacity: 5000; Address: Vanilla Fields, The Anchor Lodge Hotel, Great North Road, Tempsford, Bedfordshire, Tempsford, SG19 2AS; Venue short url: https://www.skiddle.com/venues/104166/; Type of venue: Outdoors; "
ALT + LDN festival;Monday 30th August 2021;Clapham Common in London;Minimum age: 16;"Name: Clapham Common; Phone: ; Music Policy: Trance, tech house, house, tech; Ambiance: Chilled out park. Changes to outdoor club vibe for SW4 festival; Clientele: Trendy festival goers; Drinks served: Beers, cider, wines, spirits; Disabled facilities: The majority of the path(s) are wide enough for wheelchair users. There are accessible toilet facilities and bench seats situated along the paths for people to rest. https://www.accessable.co.uk/venues/clapham-common; Nearest Bus Stop: Right outside; Address: Clapham Common, London, SW4 9DE; Venue short url: https://www.skiddle.com/venues/923/; Type of venue: Outdoors; Dress code: Anything; Opening hours: Clapham Common is open 24 hours a day.; Food served: Variety of takeaway food stands; Parking: Parking is a nightmare. Most of the streets are resident permits only. You can park in these zones on Sundays all other days best bet is to use the tube.; Nearest Train Station: Clapham Junction; "
Weeley Tribute Festival;Monday 30th August 2021;Weeley Car Boot in Clacton-on-Sea;No age restrictions;"Name: Weeley Car Boot; Phone: ; Capacity: 5000; Address: Saxons Lodge, Colchester Road, Weeley, Clacton-on-Sea, CO16 9AG; Venue short url: https://www.skiddle.com/venues/100279/; Type of venue: Outdoors; "
Audio Farm Festival;Thursday 2nd - Tuesday 7th September 2021;Hopton Court in Nr Cleobury Mortimer;No age restrictions;"Name: Hopton Court; Address: Hopton Wafers, Nr Cleobury Mortimer, DY14 OEF; Phone: 07745 804900 ; Venue short url: https://www.skiddle.com/venues/38708/; Type of venue: Outdoors; "
Tynedale Beer Festival;Friday 3rd - Sunday 5th September 2021;Tynedale Park in Corbridge;No age restrictions;"Name: Tynedale Park; Address: Corbridge, Corbridge, NE45; Phone: ; Venue short url: https://www.skiddle.com/venues/59827/; Type of venue: other; "
Riverside Festival;Friday 3rd - Sunday 5th September 2021;The Riverside Museum in Glasgow;Minimum age: 18;"Name: The Riverside Museum; Address: 100 Pointhouse Road, Glasgow, G3 8RS; Phone: ; Venue short url: https://www.skiddle.com/venues/77870/; Type of venue: Live; "
One Island Festival;Friday 3rd - Sunday 5th September 2021;Osea Island Maldon CM9 in Maldon;Minimum age: 18;"Name: Osea Island Maldon CM9; Address: Goldhanger Road, Heybridge, Maldon, CM9 4SA; Phone: ; Venue short url: https://www.skiddle.com/venues/63248/; Type of venue: Nightclub; "
Neighbourhood Weekender festival;Friday 3rd - Sunday 5th September 2021;Victoria Park in Warrington;Minimum age: 5;"Name: Victoria Park; Address: Knutsford Road, Warrington, WA4 1DQ; Phone: 01925442731; Venue short url: https://www.skiddle.com/venues/9666/; Type of venue: Outdoors; "
Sundown Festival;Friday 3rd September 2021;Norfolk Showground in Norwich;Minimum age: 14;"Name: Norfolk Showground; Phone: 01603 748931; Venue short url: https://www.skiddle.com/venues/29820/; Opening hours: 8am-7pm; Parking: Yes; Address: Dereham Road, New Costessey, Norwich, NR5 0TP; Website: https://norfolkshowground.rnaa.org.uk/; Type of venue: Outdoors; Food served: Yes; Nearest Train Station: Norwich; "
Fields Of Gold Festival;Friday 3rd - Saturday 4th September 2021;Ashton Cricket Club in Ashton-Under-Lyne;Minimum age: 18;"Name: Ashton Cricket Club; Address: Reyner Lane, Ashton-Under-Lyne, OL7 0FU; Phone: ; Venue short url: https://www.skiddle.com/venues/96172/; Type of venue: Sports; "
Highest Point Festival;Friday 3rd - Saturday 4th September 2021;Williamson Park in Lancaster;No age restrictions;"Name: Williamson Park; Phone: 01524 33318; Capacity: 10,000; Nearest Bus Stop: Williamson Park Gates (Routes 18, 881, 941); Address: Wyresdale Road, Lancaster, LA1 3DY; Venue short url: https://www.skiddle.com/venues/87076/; Type of venue: Outdoors; Nearest Train Station: Lancaster Train Station; "
The Gathering festival;Saturday 4th September 2021;Inverness Northern Meeting Park in Inverness;No age restrictions;"Name: Inverness Northern Meeting Park; Phone: ; Capacity: 15,000; Address: Northern Meeting Park, Inverness, IV3 5NN; Venue short url: https://www.skiddle.com/venues/75583/; Type of venue: Outdoors; "
Hide&Seek Festival;Saturday 4th September 2021;Capesthorne Hall in Macclesfield;Minimum age: 18;"Name: Capesthorne Hall; Address:  Congleton Road, Siddington, Macclesfield, Macclesfield, SK11 9JY; Phone: ; Venue short url: https://www.skiddle.com/venues/69767/; Type of venue: Other; "
Southport Weekender Festival;Saturday 4th September 2021;Crystal Palace in London;Minimum age: 18;"Name: Crystal Palace; Address: Crystal Palace, London, SE19 1UE; Phone: ; Venue short url: https://www.skiddle.com/venues/94292/; Type of venue: Nightclub; "
Forbidden Forest festival;Saturday 4th September 2021;Forbidden Forest in Bourne;Minimum age: 18;"Name: Forbidden Forest; Address: Grimsthorpe, Bourne, PE10 0LY; Phone: ; Venue short url: https://www.skiddle.com/venues/95238/; Type of venue: Outdoors; "
Slam Dunk Festival - North;Saturday 4th September 2021;Temple Newsam Park in West Yorkshire;No age restrictions;"Name: Temple Newsam Park; Address: Temple Newsam Park Leeds, West Yorkshire, LS15 0AD; Phone: ; Venue short url: https://www.skiddle.com/venues/85833/; Type of venue: Other; "
Manchester Psych Fest festival;Saturday 4th September 2021;Various Venues Around Manchester in Manchester;Minimum age: 18;"Name: Various Venues Around Manchester; Address: Various Venues in Manchester, Manchester, M1 5QR; Phone: ; Venue short url: https://www.skiddle.com/venues/36094/; Type of venue: Live; "
Cross The Tracks festival;Sunday 5th September 2021;Brockwell Park in London;No age restrictions;"Name: Brockwell Park; Address: Brockwell Park, London, SE24 9BJ; Phone: ; Venue short url: https://www.skiddle.com/venues/31832/; Type of venue: Outdoors; "
Slam Dunk Festival - South;Sunday 5th September 2021;Hatfield Park in Hatfield;No age restrictions;"Name: Hatfield Park; Address: Hatfield, Hatfield, AL9 5HX; Phone: ; Venue short url: https://www.skiddle.com/venues/99704/; Type of venue: Nightclub; "
Bearded Theory festival;Thursday 9th - Sunday 12th September 2021;Catton Hall in South Derbyshire;No age restrictions;"Name: Catton Hall; Address: Catton,  walton-on-Trent, South Derbyshire, DE12 8LN; Phone: 01283716311; Venue short url: https://www.skiddle.com/venues/5339/; Type of venue: Outdoors; "
Onboard the Craft festival;Thursday 9th - Saturday 11th September 2021;Stoke Prior Sports  And  Country Club in Bromsgrove;Minimum age: 18;"Name: Stoke Prior Sports  And  Country Club; Phone: 01527 577876; Capacity: 500; Type of venue: Live; Drinks served: Full range of drinks and good ales at cheap prices ; Disabled facilities: yes ; Nearest Bus Stop: 2 min walk ; Address: Weston Hall Road, Bromsgrove , B60 4AL; Venue short url: https://www.skiddle.com/venues/17511/; Music Policy: Licensed for live music ; Dress code: No dress code ; Food served: catering available for all tastes ; Parking: Large car park on site ; Nearest Train Station: Redditch 3 miles - Bromsgrove 5 Miles ; "
Into the Trees festival;Friday 10th - Sunday 12th September 2021;Pippingford Park in Nutley;No age restrictions;"Name: Pippingford Park; Phone: 01825 712966; Capacity: 6000; Address: Pippingford Park Manor, Millbrook Hill, Nutley, Uckfield, TN22, Nutley, TN22 3HW; Venue short url: https://www.skiddle.com/venues/67989/; Type of venue: Outdoors; "
Positive Vibration - Festival of Reggae;Friday 10th - Saturday 11th September 2021;Baltic Triangle in Liverpool;No age restrictions;"Name: Baltic Triangle; Phone: ; Venue short url: https://www.skiddle.com/venues/27782/; Address: Jamaica Street, Liverpool, L1 0BS; Website: http://baltictriangle.co.uk; Type of venue: Nightclub; "
Solihull Summer Fest  festival;Saturday 11th - Sunday 12th September 2021;Tudor Grange Park Solihull  in Solihull;No age restrictions;"Name:  Tudor Grange Park Solihull ; Phone: ; Capacity: 12,500 ; Address:  Monkspath Hall Road , Solihull , B91 3LU; Venue short url: https://www.skiddle.com/venues/105374/; Type of venue: Outdoors; "
Reminisce Festival;Saturday 11th September 2021;Sherdley Park in St Helens;Minimum age: 18;"Name: Sherdley Park; Phone: ; Capacity: 10,000; Disabled facilities: Yes; Address: Marshalls Cross Road, St Helens, WA9 5DE; Venue short url: https://www.skiddle.com/venues/55600/; Type of venue: Outdoors; Nearest Train Station: Lea Green Train Station; "
Fife Fest festival;Saturday 11th - Sunday 12th September 2021;Silverburn Park in Leven;Minimum age: 5;"Name: Silverburn Park; Phone: 01333 278775; Capacity: 300+; Address: No 3 Cottage, Silverburn Park,  Largo Road, Leven, KY8 4PU; Venue short url: https://www.skiddle.com/venues/70630/; Type of venue: Outdoors; "
Confessional Festival;Saturday 11th September 2021;Holy Trinity Church in Blackburn;Minimum age: 16;"Name: Holy Trinity Church; Phone: 08453032760; Capacity: 500; Nearest Bus Stop: Blackburn Boulevard; Address: Mount Pleasant, Blackburn, BB1 5DQ; Venue short url: https://www.skiddle.com/venues/72934/; Type of venue: Other; Nearest Train Station: Blackburn ; "
The Gathering Fest festival;Saturday 11th September 2021;Meridian Showground in North East Lincolnsh;Minimum age: 18;"Name: Meridian Showground; Address: Kings Road, Cleethorpes, North East Lincolnsh, DN35 0AR; Phone: ; Venue short url: https://www.skiddle.com/venues/95424/; Type of venue: Nightclub; "
Futurama Festival;Saturday 11th - Sunday 12th September 2021;Invisible Wind Factory in Liverpool;Minimum age: 16;"Name: Invisible Wind Factory; Phone: 0151 236 3160; Venue short url: https://www.skiddle.com/venues/70821/; Music Policy: Varies, depending on event; Dress code: Casual; Opening hours: Dependent on event; Food served: No; Nearest Bus Stop: Vandries Street, Dublin Street or Cotton Street; Address: 3 Regent Road, Liverpool, L3 7DS; Website: http://thekazimier.co.uk/; Capacity: 1200; Type of venue: Live; Clientele: Music fans; Drinks served: Yes; Parking: On street parking; Nearest Train Station: Sandhills or Moorfields; "
Parklife  festival;Saturday 11th - Sunday 12th September 2021;Heaton Park in Manchester;Minimum age: 17;"Name: Heaton Park; Phone: ; Venue short url: https://www.skiddle.com/venues/6709/; Type of venue: Outdoors; Address: Heaton Park, Manchester, M25 2SW; Website: http://www.manchester.gov.uk/heatonpark; Capacity: 300; "
Knockengorroch Festival;Thursday 16th - Sunday 19th September 2021;Knockengorroch in Kirkcudbrightshire;No age restrictions;"Name: Knockengorroch; Address: Carsphairn, Castle Douglas, Kirkcudbrightshire, DG7 3TJ; Phone: ; Venue short url: https://www.skiddle.com/venues/47670/; Type of venue: Outdoors; "
Isle of Wight Festival;Thursday 16th - Sunday 19th September 2021;Seaclose Park in Newport;No age restrictions;"Name: Seaclose Park; Address: Newport, Isle of White, Newport, PO30 1UD; Phone: n/a; Venue short url: https://www.skiddle.com/venues/8694/; Type of venue: Outdoors; "
Equinox Festival;Friday 17th - Monday 20th September 2021;Chalk Farm in Lincolnshire;No age restrictions;"Name: Chalk Farm; Phone: ; Capacity: 4999; Address: Salters Lane, Wyham, Louth, Lincolnshire, DN36 5RS; Venue short url: https://www.skiddle.com/venues/78882/; Type of venue: Outdoors; "
Ministry of Sound 30th Birthday festival;Friday 17th - Saturday 18th September 2021;Ministry Of Sound in London;Minimum age: 18;"Name: Ministry Of Sound; Phone: 020 7740 8600; Venue short url: https://www.skiddle.com/venues/281/; Music Policy: House, Techno, Underground beats; Ambiance: An unrivalled sound and visual experience; Clientele: Clubbers; Drinks served: 4 fully licenced bars; Disabled facilities: Yes; Nearest Bus Stop: Newington Causeway; Address: 103 Gaunt Street, London, SE1 6DP; Website: http://club.ministryofsound.com/; Capacity: 3500+; Type of venue: Nightclub; Dress code: Jeans, T-Shirts and trainers all fine; Opening hours: Fridays 10:30pm - 6:00am (last entry 4:00am) and Saturdays 11pm - 6am (last entry 4:30am); Food served: A food concession stand can be found outside in the courtyard if you need to refuel; Parking: Limited street parking available outside venue, private car park on Newton Causeway; Nearest Train Station: Elephant and Castle; "
Titan Presents Pendulum Trinity, Andy C + special guests festival;Friday 17th September 2021;Alexandra Head in Cardiff;Minimum age: 18;"Name: Alexandra Head; Address: Cardiff Bay Trail, Cardiff, CF10 4PA; Phone: ; Venue short url: https://www.skiddle.com/venues/104613/; Type of venue: Outdoors; "
Sunbourne Festival x AWOL In The Park;Saturday 18th September 2021;Venue TBA in Chigwell;Minimum age: 18;"Name: Venue TBA; Address: 257 Manford Way, Chigwell, IG7 4AA; Phone: ; Venue short url: https://www.skiddle.com/venues/103078/; Type of venue: Outdoors; "
FLY Open Air festival;Saturday 18th - Sunday 19th September 2021;Princes Street Gardens in Edinburgh;Minimum age: 18;"Name: Princes Street Gardens; Address: Princes Street, Edinburgh, Scotland, EH2, Edinburgh, EH2 2HG; Phone: 0845 225 5121; Venue short url: https://www.skiddle.com/venues/8998/; Type of venue: Outdoors; "
Titan Presents: Eric Prydz and Camelphat plus special guests festival;Saturday 18th September 2021;Alexandra Head in Cardiff;Minimum age: 18;"Name: Alexandra Head; Address: Cardiff Bay Trail, Cardiff, CF10 4PA; Phone: ; Venue short url: https://www.skiddle.com/venues/104613/; Type of venue: Outdoors; "
Hospitality Weekend In The Woods festival;Saturday 18th - Sunday 19th September 2021;Beckenham Place Park in Beckenham, Greater L;Minimum age: 18;"Name: Beckenham Place Park; Address: Flat 1, 16-18 High Street, Beckenham, BR3 1AY; Phone: ; Venue short url: https://www.skiddle.com/venues/96357/; Type of venue: Nightclub; "
Manchester Reggae Festival;Sunday 19th September 2021;Bowlers Exhibition Centre in Manchester;No age restrictions;"Name: Bowlers Exhibition Centre; Phone: 01618760007; Venue short url: https://www.skiddle.com/venues/30902/; Type of venue: Nightclub; Parking: 800 Free car parking spaces. There is Accessible Parking near the Bowlers Exhibition Centre and limited dedicated accessible parking spaces are available in the venue car park area itself.; Address:  Longbridge Road, Stretford, Manchester, M17 1SN; Website: http://www.bowlersexhibitioncentre.co.uk/; Capacity: 300 up to 4,500; Disabled facilities: Mostly disabled friendly with full access to most areas of the event. There are disabled toilet facilities inside the public toilet areas, and ramps throughout the ground floor and outside.; Nearest Bus Stop: Park Way bus stop (MANJPJPG); "
Brighton Music Conference festival;Thursday 23rd - Friday 24th September 2021;British Airways I360 in Brighton;Minimum age: 15;"Name: British Airways I360; Phone: 03337 720 360; Capacity: 175; Disabled facilities: Yes; Address: 23 Kings Road Arches, Brighton, BN1 2LN; Venue short url: https://www.skiddle.com/venues/83703/; Type of venue: Other; "
AVA Festival;Friday 24th - Saturday 25th September 2021;Boucher Road Playing Fields in Belfast;Minimum age: 18;"Name: Boucher Road Playing Fields; Address: Boucher Rd, Belfast, BT12 6EU; Phone: ; Venue short url: https://www.skiddle.com/venues/96729/; Type of venue: Outdoors; "
Project 72 - Drum & Bass Weekend festival;Friday 24th - Sunday 26th September 2021;Pontins Camber Sands in Camber;Minimum age: 18;"Name: Pontins Camber Sands; Address: new lydd rd, camber, east sussex, TN31 7RL, Camber, TN31 7RL; Phone: 01797 228300; Venue short url: https://www.skiddle.com/venues/4729/; Type of venue: Nightclub; "
Playground Festival;Friday 24th - Sunday 26th September 2021;Rouken Glen Park in Glasgow;No age restrictions;"Name: Rouken Glen Park; Phone: ; Venue short url: https://www.skiddle.com/venues/93734/; Type of venue: Outdoors; Dress code: Casual ; Opening hours: 14:00 - 22:00; Food served: Yes; Parking: Local; Nearest Train Station: 5 mins; Address:  Rouken Glen Road, Giffnock,, Glasgow, G46 7UG; Website: http://www.playgroundfestival.co.uk; Music Policy: Eclectic mix of dance, disco, indie, funk and soul.; Ambiance: Family friendly; Clientele: Family friendly; Drinks served: Yes; Disabled facilities: Compatible ; Nearest Bus Stop: 2 mins; "
Elrow goes to the Midlands festival;Saturday 25th - Sunday 26th September 2021;Sandwell Valley Country Park in Sandwell;Minimum age: 18;"Name: Sandwell Valley Country Park; Address: Sandwell Valley Country Park, Sandwell Valley Country Park, Sandwell, B71 4BG, Sandwell, B71 4BG; Phone: ; Venue short url: https://www.skiddle.com/venues/93944/; Type of venue: Outdoors; "
Boundary Brighton festival;Saturday 25th September 2021;Stanmer Park in Brighton;Minimum age: 18;"Name: Stanmer Park; Phone: 01273 292229; Venue short url: https://www.skiddle.com/venues/61190/; Address: Lewes Road, Brighton, Brighton, BN1 9SE; Website: http://www.brighton-hove.gov.uk/; Type of venue: other; "
Cultivate festival;Saturday 25th September 2021;Beach Esplanade in Aberdeen;Minimum age: 18;"Name: Beach Esplanade; Address: Esplanade, Aberdeen, AB24 5NR; Phone: ; Venue short url: https://www.skiddle.com/venues/68061/; Type of venue: Nightclub; "
The Weekender Festival;Saturday 25th - Sunday 26th September 2021;Newnham Park in Plymouth;Minimum age: 18;"Name: Newnham Park; Address: Newnham Park, Plympton, Plymouth, PL7 5BN; Phone: ; Venue short url: https://www.skiddle.com/venues/88413/; Type of venue: Outdoors; "
Mint Festival;Saturday 25th September 2021;Newsam Green Farm in Leeds;Minimum age: 18;"Name: Newsam Green Farm; Address: Newsam Green, Leeds, LS15 9AD; Phone: ; Venue short url: https://www.skiddle.com/venues/104245/; Type of venue: Outdoors; "
Escape festival;Saturday 25th September 2021;Singleton Park in Swansea;Minimum age: 16;"Name: Singleton Park; Address: Mumbles Road, Swansea, SA1 1AA; Phone: 01792 206553; Venue short url: https://www.skiddle.com/venues/1060/; Type of venue: Outdoors; "
Let's Rock Norwich! festival;Saturday 25th September 2021;Earlham Park in Norwich;No age restrictions;"Name: Earlham Park; Address: Earlham Road, Norwich, NR4 7TQ; Phone: ; Venue short url: https://www.skiddle.com/venues/59065/; Type of venue: Outdoors; "
Detonate Festival;Saturday 25th September 2021;Colwick Country Park in Nottingham;Minimum age: 18;"Name: Colwick Country Park; Address: Colwick Park, Racecourse road, Nottingham, NG2 4BH; Phone: 0115 950 0566; Venue short url: https://www.skiddle.com/venues/15654/; Type of venue: Outdoors; "
Electric Woodlands festival;Saturday 25th September 2021;Bygrave Wood in Hertfordshire;Minimum age: 18;"Name: Bygrave Wood; Address: Bygrave Wood, Hertfordshire, SG7 5JX; Phone: 07800553805; Venue short url: https://www.skiddle.com/venues/30162/; Type of venue: Nightclub; "
Kisstory Festival;Saturday 25th - Sunday 26th September 2021;Streatham Common in London;Minimum age: 18;"Name: Streatham Common; Phone: ; Capacity: 10000; Nearest Bus Stop: G1, 50, 60, 109, 118, 249, 250, 255; Address:  Streatham High Road, London, SW16, London, SW16 3BT; Venue short url: https://www.skiddle.com/venues/58094/; Type of venue: Outdoors; Nearest Train Station: Nearest stations are Streatham and Streatham Common; "
One Out Festival;Saturday 25th September 2021;Apps Court Farm in Walton-on-Thames;Minimum age: 18;"Name: Apps Court Farm; Phone: 01932 244 822; Venue short url: https://www.skiddle.com/venues/83698/; Type of venue: Outdoors; Parking: Large availability ; Address: Hurst Road, Walton-on-Thames, KT12 2EG; Website: http://www.appscourtfarm.com; Capacity: 50,000; Opening hours: 9am-5pm; Nearest Train Station: Hampton Court Station or Walton on thames; "
Heyside Cricket Club Festival;Saturday 25th September 2021;Heyside Cricket Club in Oldham;No age restrictions;"Name: Heyside Cricket Club; Phone: 01706 847676; Capacity: 2000; Address: Little Hey Street, Royton, Oldham, OL2 6ND; Venue short url: https://www.skiddle.com/venues/104178/; Type of venue: Sports; "
Dot to Dot Festival;Saturday 25th - Sunday 26th September 2021;Various Venues in Nottingham;Minimum age: 14;"Name: Various Venues; Address: Various, Nottingham, NG1 5JT; Phone: -; Venue short url: https://www.skiddle.com/venues/25410/; Type of venue: Nightclub; "
Liverpool Sound City festival;Friday 1st - Sunday 3rd October 2021;Baltic Triangle in Liverpool;Minimum age: 14;"Name: Baltic Triangle; Phone: ; Venue short url: https://www.skiddle.com/venues/27782/; Address: Jamaica Street, Liverpool, L1 0BS; Website: http://baltictriangle.co.uk; Type of venue: Nightclub; "
Rezerection In The Park festival;Saturday 2nd October 2021;Leazes Park  in Newcastle Upon Tyne;Minimum age: 18;"Name: Leazes Park; Address: Unnamed Road Newcastle upon Tyne, England, Tyne And Wear, NE2 4BJ; Phone: ; Venue short url: https://www.skiddle.com/venues/104216/; Type of venue: Other; "
Inside Out festival;Saturday 2nd - Sunday 3rd October 2021;Bute Park in Cardiff;Minimum age: 18;"Name: Bute Park; Phone: 029 2087 2087; Venue short url: https://www.skiddle.com/venues/60155/; Parking: Pay and display car parking facilities are available nearby in Sophia Gardens (CF11 9LJ); Address: North Road, Cardiff, Cardiff, CF10 3DX; Website: http://bute-park.com/; Type of venue: Outdoors; Nearest Train Station: The West Gate entrance at the southern end of Bute Park is roughly 10 minutes walk from Cardiff Central station and 15 minutes walk from Cardiff Queen Street.; "
Let's Rock The Moor! festival;Saturday 2nd October 2021;Marsh Meadow in Maidenhead;Minimum age: 18;"Name: Marsh Meadow; Address: The Moor, Cookham, Maidenhead, SL6 9SB; Phone: ; Venue short url: https://www.skiddle.com/venues/76985/; Type of venue: Nightclub; "
Breakout Festival;Friday 8th - Sunday 10th October 2021;Esplanade Kirkcaldy KY1 in Kirkcaldy;No age restrictions;"Name:  Esplanade Kirkcaldy KY1; Phone: ; Capacity: 30,000; Address: Esplanade, Kirkcaldy, KY1 1HR; Venue short url: https://www.skiddle.com/venues/104727/; Type of venue: Outdoors; "
Clubland Live Weekender festival;Friday 8th - Sunday 10th October 2021;Norbreck Castle Hotel in  Blackpool;Minimum age: 18;"Name: Norbreck Castle Hotel; Phone: ; Capacity: 1500; Address: Queens Promenade, Blackpool, FY2 9AA; Venue short url: https://www.skiddle.com/venues/88662/; Type of venue: Hotel; "
Brixton Disco Festival;Saturday 9th October 2021;Multiple Venues Brixton in London;Minimum age: 18;"Name: Multiple Venues Brixton; Address: 1 Windrush Square, London, SW2 1EF; Phone: ; Venue short url: https://www.skiddle.com/venues/83286/; Type of venue: Nightclub; "
Whitby Blues, Rhythm & Rock Festival;Saturday 9th October 2021;Whitby Pavilion in Whitby;No age restrictions;"Name: Whitby Pavilion; Address: West Cliff, Whitby, YO21 3EN; Phone: 01947 603475; Venue short url: https://www.skiddle.com/venues/545/; Type of venue: Other; "
The Boogaloo Weekender festival;Friday 15th - Monday 18th October 2021;Pontings Camber Sands in Rye;Minimum age: 18;"Name: Pontings Camber Sands; Phone: 08446250119; Venue short url: https://www.skiddle.com/venues/103871/; Music Policy: House, Jazz, Funk, Soul, Breaks; Dress code: None; Opening hours: 12:00 PM; Food served: Yes; Parking: Ample parking; Nearest Train Station: 5 Minutes; Address: New Lydd Road, Camber, Rye, TN31 7RL; Website: http://www.boogalooweekender.co.uk; Capacity: 3500; Type of venue: Nightclub; Clientele: Over 30's; Drinks served: Yes; Disabled facilities: Yes; Nearest Bus Stop: 1 Minute; "
Cornwall Rocks festival;Friday 15th - Sunday 17th October 2021;Tencreek Holiday Park in Looe;Minimum age: 16;"Name: Tencreek Holiday Park; Phone: 01503 262 447; Venue short url: https://www.skiddle.com/venues/96432/; Type of venue: Other; Drinks served: Yes; Parking: Large free car park; Address: Polperro Road, Looe, PL13 2JR; Website: https://www.dolphinholidays.co.uk/cornwall-caravan-holiday-park/; Capacity: 350; Dress code: Casual but smart; Food served: Yes; "
RE-LIVE FEST festival;Saturday 23rd October 2021;The Thainstone Exchange in Inverurie;Minimum age: 18;"Name: The Thainstone Exchange; Phone: 01467 623760; Venue short url: https://www.skiddle.com/venues/94229/; Type of venue: Exhibition Centre; Address:  Thainstone Business Centre, Inverurie, AB51 5XZ; Website: https://thainstoneevents.co.uk/; Capacity: 1000; "
Hit the North festival;Saturday 23rd October 2021;Various Venues in Newcastle;Minimum age: 18;"Name: Various Venues; Address: Throughout Newcastle Co. Down, Newcastle, BT33 0EU; Phone: 07546838137; Venue short url: https://www.skiddle.com/venues/24484/; Type of venue: Live; "
Halloween Town Festival;Friday 29th - Sunday 31st October 2021;Halloween Town Festival   The Great Meadow in Bedford;Minimum age: 18;"Name: Halloween Town Festival   The Great Meadow; Phone: ; Venue short url: https://www.skiddle.com/venues/104717/; Type of venue: Nightclub; Address:  St. Neots Road Renhold, Bedford, MK41, Bedford, MK41 0JE; Website: http://www.halloweentownfestival.com; Capacity: 6000; "
Forbidden 42 Halloween FestEVIL festival;Saturday 30th October 2021;East Of England Arena And Events Centre in Alwalton;Minimum age: 18;"Name: East Of England Arena And Events Centre; Address: East of England Showground Oundle Road, Alwalton, PE2 6XE; Phone: ; Venue short url: https://www.skiddle.com/venues/95211/; Type of venue: Nightclub; "
Terminal V Festival Halloween 2021;Saturday 30th - Sunday 31st October 2021;Royal Highland Centre in Edinburgh;Minimum age: 18;"Name: Royal Highland Centre; Phone: 0131 335 6207; Capacity: 5000-20000; Address: Inlgiston, Edinburgh, EH28 8NB; Venue short url: https://www.skiddle.com/venues/8464/; Type of venue: Other; "
EH6 Festival;Friday 26th - Sunday 28th November 2021;The Biscuit Factory in Edinburgh;Minimum age: 14;"Name: The Biscuit Factory; Phone: 0131 629 0809; Capacity: 550; Opening hours: 19:00 pm; Food served: Yes; Address: 4-6, Anderson Pl, Edinburgh, EH6 5NP; Venue short url: https://www.skiddle.com/venues/65325/; Type of venue: Live; Drinks served: Yes; "
90s Playtime festival;Friday 15th April 2022;Garon Park in Southend-On-Sea;Minimum age: 18;"Name: Garon Park; Phone: 07968 779950; Venue short url: https://www.skiddle.com/venues/44340/; Music Policy: All kinds; Ambiance: Yes; Clientele: All ages ; Drinks served: Yes ; Disabled facilities: Yes; Nearest Bus Stop: Cluny square; Address:  Eastern Avenue, Southend-on-Sea, SS2 4FA, Southend-On-Sea, SS2 4FA; Website: https://www.facebook.com/intheparkconcerts/?ref=settings; Capacity: 10,000; Type of venue: Outdoors; Dress code: none; Opening hours: 11am till 11.30pm; Food served: Yes; Parking: 2 large free car parks; Nearest Train Station: Prittlewell; "
Tropicana Nights Festival 2021;Saturday 16th April 2022;Garon Park in Southend-On-Sea;No age restrictions;"Name: Garon Park; Phone: 07968 779950; Venue short url: https://www.skiddle.com/venues/44340/; Music Policy: All kinds; Ambiance: Yes; Clientele: All ages ; Drinks served: Yes ; Disabled facilities: Yes; Nearest Bus Stop: Cluny square; Address:  Eastern Avenue, Southend-on-Sea, SS2 4FA, Southend-On-Sea, SS2 4FA; Website: https://www.facebook.com/intheparkconcerts/?ref=settings; Capacity: 10,000; Type of venue: Outdoors; Dress code: none; Opening hours: 11am till 11.30pm; Food served: Yes; Parking: 2 large free car parks; Nearest Train Station: Prittlewell; "
Connected Festival;Saturday 30th April - Sunday 1st May 2022;Lydd Airport in Romney Marsh;Minimum age: 18;"Name: Lydd Airport; Phone: 07784380461; Venue short url: https://www.skiddle.com/venues/96513/; Music Policy: Drum & Bass, Garage, Jungle, House, Club Classics, Anthems, Old School, Kisstory, R&B, Hip-Hop; Dress code: Festival; Opening hours: 10:00-01:00; Food served: Yes; Parking: Paid Parking; Nearest Train Station: Ashford; Address:  Lydd Airport Lydd, Romney Marsh, TN29 9QL, Romney Marsh, TN29 9QL; Website: http://connectedfestival.com; Capacity: 9999; Type of venue: Outdoors; Clientele: 18-55; Drinks served: Yes; Disabled facilities: Yes; Nearest Bus Stop: On Site Bus and Coach Provision; "
Land Beyond Festival;Sunday 1st May 2022;Wild Park in Brighton;Minimum age: 18;"Name: Wild Park; Address: Lewes Road , Brighton, BN1 9JJ; Phone: 01273 701152; Venue short url: https://www.skiddle.com/venues/12568/; Type of venue: Outdoors; "
Big North Tattoo Show festival;Saturday 7th - Sunday 8th May 2022;Utilita Arena in Newcastle Upon Tyne;No age restrictions;"Name: Utilita Arena; Address: Arena Way, Newcastle Upon Tyne, NE4 7NA; Phone: 0844 493 6666; Venue short url: https://www.skiddle.com/venues/93170/; Type of venue: Nightclub; "
Midstock Festival;Friday 27th - Saturday 28th May 2022;Dalkeith Country Park in Edinburgh;No age restrictions;"Name: Dalkeith Country Park; Address: Dalkeith, Edinburgh, Edinburgh, EH22 2NJ; Phone: 0131 663 5684; Venue short url: https://www.skiddle.com/venues/43886/; Type of venue: Outdoors; "
Leestock Music Festival;Friday 3rd - Saturday 4th June 2022;Melford Hall in Suffolk;No age restrictions;"Name: Melford Hall; Address: Long Melford, Sudbury, Suffolk, CO10 9AA; Phone: 00000000000; Venue short url: https://www.skiddle.com/venues/38828/; Type of venue: Outdoors; "
Junction 2 festival;Friday 3rd - Saturday 4th June 2022;Boston Manor Park in Brentford;Minimum age: 18;"Name: Boston Manor Park; Phone: 0208 992 1626; Capacity: 7500; Type of venue: Outdoors; Clientele: People from the Southern Hemisphere, or people interested in visiting the Southern Hemisphere. Basically - anybody!; Drinks served: Southern Hemisphere Wine, Beer, cold drinks, cocktails and coffee; Disabled facilities: yes, including toilets; Nearest Bus Stop: E3 , E8, 195; Address: Boston Manor Road, Brentford, TW8 9JX; Venue short url: https://www.skiddle.com/venues/32480/; Music Policy: Music from the Southern Hemisphere; Dress code: casual; Opening hours: 11am - 10-30pm; Food served: Food from the Southern Hemisphere - Pies, Pizza, Mussels, Braai, Burgers; Parking: Street parking, driving is not encouraged; Nearest Train Station: Brentford Station; "
Wychwood Festival;Friday 3rd - Sunday 5th June 2022;Cheltenham Racecourse in Cheltenham;No age restrictions;"Name: Cheltenham Racecourse; Address: Evesham Road, Prestbury, Cheltenham, GL50 4SH; Phone: 01242226226; Venue short url: https://www.skiddle.com/venues/8690/; Type of venue: Outdoors; "
Download Festival;Friday 10th - Sunday 12th June 2022;Donington Park in Derby;Minimum age: 5;"Name: Donington Park; Address: Castle Donington, Derby, DE74 2RP; Phone: 01332 862 409; Venue short url: https://www.skiddle.com/venues/686/; Type of venue: Live; "
Towerfest Country Music Festival;Thursday 16th - Sunday 19th June 2022;Drax Sports And Social Club in Selby;Minimum age: 18;"Name: Drax Sports And Social Club; Phone: 01757 611309; Venue short url: https://www.skiddle.com/venues/83046/; Music Policy: Country and Linedance; Ambiance: Excellent Outdoor event; Clientele: Country Music Fans; Drinks served: Yes; Disabled facilities: Yes; Nearest Bus Stop: 100 Yards; Address: Drax Power Station, Drax, Selby, YO8 8PJ; Website: http://www.towerfest.co.uk; Capacity: 1500; Type of venue: Outdoors; Dress code: none; Opening hours: 10am to 10pm; Food served: Yes; Parking: On site; Nearest Train Station: Selby; "
Small Test Fest festival;Monday 27th June 2022;Skiddle Ltd   Test in Preston;Minimum age: 18;"Name: Skiddle Ltd   Test; Address: Ashley Hall Farm, Inglewhite Road, Goosnargh, Preston, PR3 2EB; Phone: ; Venue short url: https://www.skiddle.com/venues/103445/; Type of venue: Nightclub; "
Lytham Festival;Wednesday 29th June - Sunday 3rd July 2022;Lytham Green in Lancashire;No age restrictions;"Name: Lytham Green; Address:  Clifton Drive, Lytham St. Annes, Lancashire, FY8 5LB; Phone: ; Venue short url: https://www.skiddle.com/venues/57998/; Type of venue: Outdoors; "
B-Fest Wales festival;Friday 8th - Saturday 9th July 2022;Ty Ucha Farm in Mold;No age restrictions;"Name: Ty Ucha Farm; Phone: 07766833981; Venue short url: https://www.skiddle.com/venues/100452/; Type of venue: Outdoors; Address: Ty Ucha Farm, Pen Y Cefn, Caerwys, Mold, CH7 5BQ; Website: http://bfestwales.co.uk; Capacity: 2000; "
Innervisions Festival;Saturday 16th July 2022;Magazine London  in Greenwich;Minimum age: 14;"Name: Magazine London ; Address: 11 Ordnance Crescent, Greenwich, SE10 0QE; Phone: 020 3892 4181; Venue short url: https://www.skiddle.com/venues/97932/; Type of venue: Nightclub; "
